"","Name","Code","rating","rating2","DSP","DInd","EPS","PER","BPS","PBR","ROE","ROA","CFO","CFPS","PCFR","EBIT","EBITDA","EV","EVperEBIT","ICR","FOCF","SP01","SP02","SP03","SP04","SP06","SP07","SP08","SP09","SP10"
"1","ホクト","1379","A","-","NonSP","General",0.00018771523401153,102389.132673267,0.00162294838220764,11842.6440487625,11.5663095677872,6.24719414986482,10471,0.00031388792962867,61232.0455352879,7680,14886,64116074880,8348447.25,78.275,6476,0.22715636931621,3.09660083299745,0.22715636931621,0.140489413398126,131.8875,186.075,0.350668919227433,0.679694991096297,0.146725891961599
"2","ミライト・ワン","1417","A","","NonSP","General",0.000334566258275569,64292.1976378235,0.0021354470107356,10072.832475759,16.0087283392744,10.1022714919262,41602,0.000384046837282165,56008.7934904572,45356,51771,2.33008e+11,5137313.69609313,755.041666666667,33219,0.326474558181875,2.46137799153967,0.326474558181875,0.260688388737169,867.708333333333,1078.5625,0.746109557493009,0.851636782365521,0.201567440609911
"3","日鉄鉱業","1515","A","-","NonSP","General",0.000790558885502338,75895.6746933212,0.0139375663214013,4304.91225056051,5.94463200540176,3.4985561766498,9414,0.00112711212299243,53233.39069471,9678,15892,50113914000,5178127.09237446,24.2757352941176,2639,0.130166060589301,4.55090611628492,0.130166060589301,0.0364890836939839,35.6102941176471,58.4264705882353,0.357728986471501,0.587417757078436,0.0873390819379205
"4","高松コンストラクショングループ","1762","A","-","NonSP","General",0.000309362139917695,65230.9943465248,0.0029772633744856,6778.03655965997,10.3944139099174,5.44669905946176,4116,0.000105864197530864,190621.574344023,18184,19450,78459840000,4314773.42718874,59.8407960199005,666,0.0391720199857245,5.40231362467866,0.0391720199857245,0.00633832976445396,21.4776119402985,96.7661691542289,0.474716094504634,0.50776661010312,0.160995152615153
"5","大成建設","1801","AA","-","NonSP","General",0.000603078708433926,60937.3196003426,0.00376064662208141,9772.25559674096,16.1047517675671,7.239089457945,67494,0.000300586299602997,122261.061294337,189036,199818,8.25189e+11,4365247.88929093,139.60412371134,67494,0.0657707408197809,5.13567846740534,0.0657707408197809,0.0657707408197809,70.5814432989691,205.99793814433,0.863974990630627,0.913253320414263,0.236541150634879
"6","大林組","1802","AA","-","NonSP","General",0.000186515870918793,47770.7336973984,0.00133328640210584,6682.73522172521,14.4545326629496,5.92147064983799,24803,3.43765327844279e-05,259188.442763375,184192,205418,6.42865e+11,3490189.5847811,72.1184351554126,24803,0.0189242267946848,6.38039509682696,0.0189242267946848,0.0189242267946848,14.2920685959271,110.084673097535,0.815788541260674,0.909798745703859,0.203248923986346
"7","清水建設","1803","AA","-","NonSP","General",0.000140571903389697,57123.7907886831,0.00104176382587852,7708.08104536391,13.595547100476,5.80733011504322,80674,0.000102311356910769,78485.9104840469,158842,175552,6.33177e+11,3986206.4189572,36.5456643587207,-42218,0.0742016156699567,6.19319062158221,0.0742016156699567,-0.038830897319511,27.5987471150676,57.8806462248599,0.834179721348409,0.921934491143123,0.203923592522553
"8","長谷工コーポレーション","1808","A","+","NonSP","General",0.000235596143767266,62649.5823063246,0.00131107827783109,11257.9090429425,17.9698752408966,7.43095802587717,31876,0.000105972718634117,139281.129994981,82841,88263,4.43973e+11,5359338.9746623,52.3769401330377,31876,0.0569932808147414,6.33667561718954,0.0569932808147414,0.0569932808147414,24.5594974131559,65.2350332594235,0.608092137619191,0.647892183130125,0.21185683213413
"9","西松建設","1820","A","","NonSP","General",0.0004316846844685,82235.949704142,0.00373325045256018,9509.13967629868,11.6504760101562,5.07958682584032,4907,8.82688868525265e-05,402180.216221724,31219,34849,1.9735e+11,6321470.89913194,54.1715575620767,4907,0.0185237615278045,7.60145197853597,0.0185237615278045,0.0185237615278045,12.0767494356659,78.665914221219,0.785166369055104,0.876461859611177,0.153476687707707
"10","三井住友建設","1821","A","-","NonSP","General",8.29884084065635e-05,58080.4005348148,0.000678095211445274,7108.14634677449,13.1828213190633,3.5825553438457,16723,0.000102801122502442,46886.6475644322,20395,23096,78408540722,3844498.19671488,12.4768946395564,14020,0.0627462310237958,11.5395739521995,0.0627462310237958,0.0526043269122536,16.4556377079482,21.3456561922366,0.523821754205728,0.593193784512649,0.19172647837143
"11","大豊建設","1822","BBB","+","J2","General",0.000516080718214232,82254.5747240618,0.00402155614855682,10555.6153966006,13.000874651506,5.56644567844165,4357,0.000236367464444382,179593.245203121,11972,13010,78248776935,6535982.03600067,141.985074626866,-2913,0.0450247496615652,7.4380476556495,0.0450247496615652,-0.0301026155070322,66.0298507462687,194.179104477612,0.793005232827714,0.861760614691661,0.172112882588881
"12","矢作建設工業","1870","BBB","+","NonSP","General",0.000126212081536053,55699.8974618117,0.00122488488864093,5739.31482475887,10.303995314702,4.336206166193,6757,0.000151476915619736,46409.7118114548,7993,10636,31359042271,3923313.18291005,50.7207207207207,6757,0.0898573081372927,7.07004512974803,0.0898573081372927,0.0898573081372927,61.8738738738739,95.8198198198198,0.509140709599338,0.677495381871457,0.149842995735108
"13","新日本建設","1879","A","-","NonSP","General",0.000226969305444917,37758.4095928771,0.00133474639802141,6420.69535658905,17.0046763775778,11.004962387003,7005,0.00011416098116189,75069.4318915061,17648,17938,52586137040,2979722.18041704,2785.4,6977,0.156883384470673,2.48918497045379,0.156883384470673,0.15625629885109,1402,3587.6,0.964529704323113,0.980379297152539,0.227459320122442
"14","五洋建設","1893","A","","J1","General",0.000105466898445604,70069.3782496271,0.000553829707093617,13343.4517963675,19.0571556729232,6.67001291326883,30690,0.000107302473505572,68870.732971652,40649,48043,2.11364e+11,5199734.31080715,45.2248875562219,19649,0.104443173929024,6.1162708407052,0.104443173929024,0.066868814745239,47.0119940029985,72.0284857571214,0.81236260442064,0.960130300971262,0.271262787702451
"15","大和ハウス工業","1925","AA","","NonSP","General",0.00046711521144303,71609.7424801581,0.00284208258516186,11769.5383570618,16.9578524812323,6.15885211551355,430314,0.000645886106156281,51789.3165392016,432388,531856,2.22857e+12,5154097.70853955,31.0805952262059,430314,0.136194797483691,5.940607984116,0.136194797483691,0.136194797483691,43.9755318086488,53.1165484869669,0.522913157000446,0.643205870721735,0.235833506959027
"16","積水ハウス","1928","AA","","J1","General",0.000270919350636108,79765.4355410957,0.00199929904543657,10808.7882347192,13.9833265110585,7.06412106352926,191972,0.000280380656950171,77073.7904499615,246762,268844,1.4796e+12,5996060.98183675,66.9895269050199,104482,0.152725513813333,4.67547722842987,0.152725513813333,0.0831218465934856,70.3289996388588,97.0906464427591,0.521132560806402,0.567767169083717,0.184444136325805
"17","エクシオグループ","1951","A","+","NonSP","General",0.000328191207074697,82665.2250735808,0.00245206746837106,11064.1327573351,13.5356060128687,7.86555025286122,6301,5.34833258962283e-05,507260.899455642,55766,62961,3.19625e+11,5731538.93053115,261.25,-2540,0.031087034816887,3.21927860103874,0.031087034816887,-0.0125315137969993,43.5743243243243,425.412162162162,0.735068872339023,0.829908389903117,0.199523070950799
"18","日揮ホールディングス","1963","A","+","J1","General",8.65845532825173e-05,112953.172699162,0.00161108068096737,6070.45948445462,5.38069289247005,3.19474356218747,12467,4.80952426382616e-05,203346.515445576,38079,47422,2.53512e+11,6657527.77121248,124.688888888889,3748,0.0437573706969169,6.00801315844966,0.0437573706969169,0.0131549390689055,70.2611111111111,263.455555555556,0.869740989447718,1.08313918962131,0.0941855935295172
"19","高砂熱学工業","1969","A","","NonSP","General",0.000208088331959318,96305.2556157636,0.00193408537276556,10361.4867689862,11.0613307501362,5.39045385143059,22568,0.000321301140918028,62371.3938355193,19662,21199,1.4076e+11,7158986.8782423,54.1333333333333,22568,0.166803402884026,6.38223501108543,0.166803402884026,0.166803402884026,84.5851851851852,78.5148148148148,0.533640928212783,0.575356222011128,0.150257919070727
"20","ニップン","2001","A","","J1","General",0.000165038548090088,95311.0663056346,0.00214561530358092,7331.2303346026,7.91937565441839,4.22346818519757,14804,0.000187810797595946,83754.5029431235,17356,26913,1.2399e+11,7143927.17215948,70.3189189189189,14804,0.106587179874866,5.16074016274663,0.106587179874866,0.106587179874866,81.0216216216216,145.475675675676,0.181394425225489,0.281278414732287,0.105923889327967
"21","日清製粉グループ本社","2002","AA","","NonSP","General",9.77861947400602e-05,180598.090016128,0.00146135195817873,12084.6999938396,6.87202861305644,4.32955347206564,49506,0.000162657192285512,108571.897447986,43880,67128,5.37496e+11,12249225.159526,10.6980589503954,49506,0.204030662710188,3.61458705756167,0.204030662710188,0.204030662710188,18.7951114306255,24.1294033069734,0.232066171648579,0.355016817922193,0.102785611888276
"22","昭和産業","2004","A","-","J1","General",0.000336085297754155,89054.7732971459,0.00303306535567311,9867.90474000776,11.4661446569292,5.35467326741956,13769,0.000405144323654085,73874.9088967971,14120,22957,1.01718e+11,7203824.36260623,60.1157894736842,3263,0.124912681780657,4.80154201332927,0.124912681780657,0.02960201036025,73.4684210526316,120.826315789474,0.302757408122132,0.492238089111883,0.14723593724746
"23","中部飼料","2053","A","-","NonSP","General",0.000181516419712584,62914.4185307455,0.00198446538162831,5754.69852269711,9.24813795880024,6.26961743165173,5281,0.000173877782060976,65678.3164855141,7830,11043,34684718936,4429721.44776501,190.103448275862,5281,0.190925524222704,2.50475414289595,0.190925524222704,0.190925524222704,183.103448275862,380.793103448276,0.576625671993519,0.813241033949481,0.134441372915987
"24","DM三井製糖ホールディングス","2109","A","","J1","General",0.000160877309834809,115864.692287183,0.00280884246156071,6636.18563699826,6.16213298284319,3.57916979074364,11124,0.000340811120663191,54693.0509888529,8802,14242,60840549920,6912127.91638264,53.040404040404,5444,0.20214428493549,3.86392360623508,0.20214428493549,0.0989278575322551,113.363636363636,143.858585858586,0.361760716781061,0.58534380009042,0.0956349314138259
"25","パーソルホールディングス","2181","A","","NonSP","General",0.000120736852970671,181800.332375171,0.000739984803269418,29662.771320465,18.1889347835772,7.4537838796503,37574,0.000158737762466146,138278.375976739,40673,51625,5.19567e+11,12774248.27281,82.5982658959538,33908,0.180420440031115,4.03405326876513,0.180420440031115,0.162817274726541,109.595375722543,149.205202312139,0.201938305869035,0.256314140596684,0.239913408678008
"26","森永製菓","2201","A","","NonSP","General",0.000349586284451591,99260.1870935389,0.00228683388556242,15173.8174858582,15.4007495508386,9.38216576282099,12127,0.000223787630465817,155057.721142904,26575,34516,1.88038e+11,7075747.88334901,592,-7726,0.155490306698123,2.25958975547572,0.155490306698123,-0.0990614421991999,379.96875,1078.625,0.251547621301327,0.32671374211991,0.231681269343098
"27","明治ホールディングス","2269","AA","-","J1","General",0.000675797106954653,100325.969588014,0.00431846553063398,15700.0211114448,16.6041761877482,9.67038425492034,123683,0.000810061866581436,83697.3110290016,128297,179470,1.03519e+12,8068699.96960178,165.889067524116,60654,0.303410835978628,2.2713656878587,0.303410835978628,0.148792322675289,199.847266881029,288.536977491961,0.285342229635808,0.399154851264943,0.204143266416374
"28","日本ハム","2282","A","+","J1","General",0.000474694252767104,93007.235167983,0.00431540141491794,10230.7979617789,11.2718089461364,5.92121443412628,82518,0.000801465407984529,55086.5945805764,60593,101771,4.54564e+11,7501922.66433416,35.5188953488372,82518,0.216528118899175,3.74464238339016,0.216528118899175,0.216528118899175,60.969476744186,73.9614825581395,0.286175106501554,0.480654972748826,0.140765658503948
"29","丸大食品","2288","BBB","+","J2","General",2.76922811086465e-05,624722.821934605,0.00293070353749273,5903.01945545829,0.952405667722012,0.549623350755545,7673,0.000289486202924584,59761.0519092923,1564,9661,45854655130,29318833.2033248,3.15021459227468,7673,0.137346507714889,5.78263119759859,0.137346507714889,0.137346507714889,33.931330472103,41.4635193133047,0.0316189551997412,0.195313763545205,0.0204797821076891
"30","宝ホールディングス","2531","A","","J1","General",0.000103069737050187,123314.567047078,0.000959114904819882,13251.8011513823,13.1198011282149,6.70635153363439,27100,0.000135703729974254,93659.9163664207,25694,34194,2.53818e+11,9878493.03339301,59.8343023255814,27100,0.234869954846035,3.37436392349535,0.234869954846035,0.234869954846035,79.7790697674419,99.4011627906977,0.222277972905168,0.295811201273422,0.137819687607278
"31","サントリー食品インターナショナル","2587","AA","-","J1","General",0.000304750809061489,125840.519072296,0.00278173462783172,13786.3617960901,12.0457176481123,5.98176529663948,134019,0.000433718446601942,88421.4178586618,124537,197151,1.18502e+12,9515405.06034351,44.0655124005615,134019,0.187519413903013,3.62510968749841,0.187519413903013,0.187519413903013,63.7136172204024,92.2559663079083,0.257384960370359,0.407458846141923,0.146762664535999
"32","ダイドーグループホールディングス","2590","A","-","NonSP","General",0.000316987053746567,167514.727722772,0.00498590699218396,10650.0181578278,6.43595902161659,3.33261418581926,12540,0.000756857892989709,70158.480861244,6284,12667,87978735000,14000435.2323361,26.26,12540,0.167235676944415,5.91963369385016,0.167235676944415,0.167235676944415,63.7,63.335,0.0752412653559712,0.151667903924902,0.0731467416292727
"33","伊藤園","2593","A","+","J1","General",0.000108497257339991,594485.073460246,0.00123973607440739,52027.2026695937,8.82568045699828,4.02173749868644,25351,0.000205338855604787,314114.928760207,19780,36263,7.96313e+11,40258493.4277048,30.7224770642202,25351,0.140833412033976,4.96393017676419,0.140833412033976,0.140833412033976,59.144495412844,83.1720183486239,0.0919987162969819,0.16866276284517,0.130668005496248
"34","日清オイリオグループ","2602","A","","NonSP","General",0.000361605975420107,83378.046961122,0.00454555201664289,6632.85776724368,8.37638782016049,4.17314156232672,6340,0.000188039852703697,160338.351506309,16806,26387,1.01655e+11,6048732.59550161,31.1815856777494,-7813,0.0456463202154161,5.26372835108197,0.0456463202154161,-0.0562515299436981,17.2148337595908,67.4859335038363,0.278295716107238,0.436950437993674,0.111083570458354
"35","Jオイルミルズ","2613","A","-","NonSP","General",0.000244296617037985,75686.6804959687,0.00281943841860049,6558.04357279704,8.69879390043037,5.23037013845849,4270,0.000127430558850745,145098.633850117,11205,16168,61957116654,5529416.92583668,69.965811965812,1095,0.0688343301146164,3.8367763483424,0.0688343301146164,0.0176518949591347,37.4957264957265,138.188034188034,0.329675179475109,0.475697304931152,0.121688984458997
"36","ゲオホールディングス","2681","BBB","+","NonSP","General",5.05589404053469e-05,241302.525373134,0.00172103199098089,7088.77003096654,2.95430744639806,1.26312316629158,12428,0.000293072066864576,41627.9863533956,4233,16164,51735261440,12221890.2527758,9.32173913043478,6645,0.128448142214873,5.98583271467459,0.128448142214873,0.0686786212598832,55.0347826086957,70.2782608695652,0.0338036942095302,0.129081718214705,0.0572034757226449
"37","JALUX","2729","BBB","","J2","General",0.0002826614481409,58975.1453890889,0.00193228962818004,8627.07109580717,15.3888770509269,6.90756752620706,3825,0.000299412915851272,55675.6209150327,3786,5098,21295925000,5624914.15742208,33.7476635514019,3400,0.138637187386734,5.4119262455865,0.138637187386734,0.123233055454875,36.7476635514019,47.6448598130841,0.302444479948874,0.407253554880971,0.143596745747283
"38","エディオン","2730","A","","NonSP","General",0.000225640431165446,50079.6773948483,0.00173063612620351,6529.39103079328,13.0380053755397,6.54384920121178,42964,0.000383587840169043,29458.70232753,25989,37968,1.26566e+11,4869983.45453846,102.735772357724,37405,0.223341598698335,5.06660872313527,0.223341598698335,0.194444011249214,175.650406504065,154.341463414634,0.115180067187265,0.168269529068685,0.138889111561801
"39","あらた","2733","A","-","NonSP","General",0.00067474167445101,63135.2732653732,0.00504874736793058,8437.73651076173,13.3645362954173,4.76169971227809,14071,0.000780523684741874,54578.7409565774,15573,19863,76797746400,4931467.69408592,69.9080459770115,10060,0.0855707657035825,8.27855812314353,0.0855707657035825,0.0611784452404264,81.867816091954,114.155172413793,0.1816983245438,0.231751995146311,0.179084396094711
"40","双日","2768","BBB","-","SP","General",2.3505402899877e-05,142094.990425264,0.000523083708364978,6385.21128948932,4.75149044355536,1.27893605319734,84972,6.78961517220773e-05,49192.7733057948,50596,87916,4.18001e+11,8261542.41442011,2.49847120774588,61083,0.0516397686748394,18.7164566176805,0.0516397686748394,0.0371217811745659,8.21691863427892,7.46696110073042,0.268955985541144,0.467339995747395,0.0792707144407095
"41","双日","2768","A","-","J1","General",2.3505402899877e-05,142094.990425264,0.000523083708364978,6385.21128948932,4.75149044355536,1.27893605319734,84972,6.78961517220773e-05,49192.7733057948,50596,87916,4.18001e+11,8261542.41442011,2.49847120774588,61083,0.0516397686748394,18.7164566176805,0.0516397686748394,0.0371217811745659,8.21691863427892,7.46696110073042,0.268955985541144,0.467339995747395,0.0792707144407095
"42","味の素","2802","A","+","SP","General",0.000179035981341173,155611.17821847,0.00121611537830327,22909.010524043,15.8514938162729,6.86933246884452,165650,0.000301640666285245,92361.5517201328,128035,207545,1.52997e+12,11949623.1499199,27.7504939316963,88761,0.21697756086571,3.67844563829531,0.21697756086571,0.116264082583769,47.7541631385831,58.5788879480666,0.315187128125469,0.510918987048858,0.203243708310713
"43","ニチレイ","2871","A","+","J1","General",0.00022566898880149,132805.132682024,0.00150259857094397,19945.4468941576,15.5430195843129,7.78938132056916,45453,0.000324568317817742,92338.0328724177,35859,56801,4.19704e+11,11704286.2321872,44.574047954866,16924,0.232742597020887,3.43819651062481,0.232742597020887,0.0866595320876836,65.1086036671368,80.114245416079,0.362934323856563,0.574891450664453,0.17848556794935
"44","永谷園ホールディングス","2899","BBB","+","NonSP","General",0.00017859099438452,118706.99344646,0.00162153098880316,13074.0640458852,11.5088050102697,4.01201962579524,5561,0.000290563054351175,72961.7880956662,4912,9722,40574050360,8260189.40553746,12.3840579710145,5561,0.102679148433317,5.57076733182473,0.102679148433317,0.102679148433317,21.1485507246377,35.2246376811594,0.117562586759849,0.232683930879326,0.155133752329217
"45","わらべや日洋ホールディングス","2918","BBB","+","NonSP","General",0.000113527663644936,204707.815292354,0.00251746601262024,9231.50496709637,4.53083959786251,2.43214663376806,8338,0.000473060299585945,49126.9295274646,3053,9538,40962033840,13416978.0019653,20.4183673469388,3104,0.22,3.97357936674355,0.22,0.0818997361477573,86.0816326530612,97.3265306122449,0.0974963275212365,0.304592195184263,0.0686877777152821
"46","グンゼ","3002","A","","J1","General",0.000173944448487253,271925.895947557,0.0059697776185533,7923.24321311361,2.95539606358152,2.10237488175707,8595,0.000445486452547063,106176.068272251,4787,11344,91258330680,19063783.3047838,26.848,8595,0.193358979550516,3.91845909732017,0.193358979550516,0.193358979550516,69.76,90.752,0.126033384234637,0.298667790005792,0.042680670658042
"47","J.フロントリテイリング","3086","A","+","J1","General",0.000105970539569079,86533.4840917969,0.00134659682959741,6809.75908931968,8.14149944203242,2.26885343453703,56471,0.000208714506836127,43935.6139590232,34327,98810,2.48109e+11,7227809.01331314,5.13835125448029,41742,0.0627889496963457,9.10209492966299,0.0627889496963457,0.0464120759013452,11.1202508960573,17.7078853046595,0.255470052393427,0.735368540128602,0.0898584337664785
"48","東洋紡","3101","A","","J1","General",6.26847358019186e-05,220787.402594052,0.00211833305947598,6533.43908224879,3.00545418324548,1.13642841437494,35028,0.000393357385465712,35184.2891766587,13146,41164,1.23244e+11,9375019.01719154,4.35074045206547,35028,0.115774756819466,7.34994169662812,0.115774756819466,0.115774756819466,28.3016367887763,32.0841777084957,0.145460580912863,0.455479944674965,0.0708161962555653
"49","ダイワボウホールディングス","3107","A","","NonSP","General",0.000376238396470771,58579.8796899567,0.00134212070472493,16421.7718439245,28.2592936150974,9.44686350998158,9428,9.78450225340366e-05,225254.176750106,46319,50405,2.1237e+11,4584943.54368618,130.87725631769,6671,0.0370546505001277,5.04781271699236,0.0370546505001277,0.0262188771198931,35.0361010830325,181.967509025271,0.565894124689985,0.615814101232728,0.395782332107168
"50","トヨタ紡織","3116","AA","","NonSP","General",0.000305569895768614,71996.6210829192,0.00196972555533818,11169.0686757744,17.1212324779435,6.78014798209459,74483,0.000396891839681466,55430.7189022999,73914,113861,4.12865e+11,5585748.3020808,51.2008928571429,25561,0.156435152805869,4.18165131168706,0.156435152805869,0.0536852562446574,67.5026785714286,101.661607142857,0.553982446804524,0.853383599529317,0.21382481547
"51","レスターホールディングス","3156","BBB","+","NonSP","General",0.000144117695275404,134612.19986156,0.00253579307944433,7650.4664979412,5.90447126781287,2.27643984557607,20133,0.000669478901472012,28977.7615953906,8674,16354,58340927420,6725954.27945585,5.85675675675676,16249,0.17640873763439,6.9785373608903,0.17640873763439,0.142376475330115,28.2067567567568,22.1,0.345275057718335,0.650983201974365,0.115633290229694
"52","ユナイテッド・スーパーマーケット・ホールディングス","3222","A","","NonSP","General",0.000113182309574637,94537.7421631777,0.00112997773200331,9469.21315080277,10.0591236737669,5.22782279280227,29919,0.000227207563081291,47093.5027641298,18179,33962,1.40899e+11,7750646.35018428,116.4375,15188,0.219521321867755,4.01307343501561,0.219521321867755,0.111437208346785,234.7421875,265.328125,0.0818733730262387,0.152955800358497,0.125160073255029
"53","野村不動産ホールディングス","3231","A","","J1","General",0.000344558380231603,78564.334966412,0.00321604276104426,8417.1766395327,10.7692413187778,3.26965095617252,63504,0.000348310018755615,77718.1204741434,97375,118681,4.93541e+11,5068456.99614891,6.96838602329451,63504,0.0475701071795625,11.2482705740599,0.0475701071795625,0.0475701071795625,8.04425956738769,13.1648363838048,0.531938139486608,0.648328116379051,0.169131631740297
"54","東急不動産ホールディングス","3289","A","","J1","General",5.81247563820448e-05,105806.895078872,0.000845647133822835,7272.53691761277,7.01221607144952,1.57750115371738,100411,0.000139492469241814,44088.4015705451,66016,108350,4.42696e+11,6705889.48133786,3.51714862138534,100411,0.0491350198891843,18.8608491001384,0.0491350198891843,0.0491350198891843,9.44073638197714,9.10810356422327,0.400594678236597,0.657483540155951,0.109755114221563
"55","シップヘルスケアホールディングス","3360","A","","NonSP","General",0.000208863237119527,131952.374099364,0.0011321302181384,24343.4894312051,19.0550969131371,6.34831897350657,19772,0.000194473460057795,141715.995549262,28864,32305,2.80201e+11,9707628.88026608,65.3384615384615,15140,0.0901209695798427,6.79133261105092,0.0901209695798427,0.0690082682297602,61.8369230769231,99.4,0.529750761663547,0.592904599346621,0.262657882284425
"56","セブン&アイ・ホールディングス","3382","AA","","NonSP","General",0.000291926606549275,166754.242017961,0.00319404434164757,15240.8654335993,9.69588152841947,3.72509368299104,539995,0.000609171282899402,79911.8431326957,366119,637107,4.3152e+12,11786331.7664475,24.4474256022674,242136,0.131210155176884,6.45966376134621,0.131210155176884,0.0588351783514846,52.0151157298063,60.1896079357581,0.160108576056592,0.278615134876057,0.131024520283143
"57","セブン&アイ・ホールディングス","3382","A","","SP","General",0.000291926606549275,166754.242017961,0.00319404434164757,15240.8654335993,9.69588152841947,3.72509368299104,539995,0.000609171282899402,79911.8431326957,366119,637107,4.3152e+12,11786331.7664475,24.4474256022674,242136,0.131210155176884,6.45966376134621,0.131210155176884,0.0588351783514846,52.0151157298063,60.1896079357581,0.160108576056592,0.278615134876057,0.131024520283143
"58","旭化成","3407","AA","","NonSP","General",0.000108259223933237,109644.236941142,0.00107217207560376,11070.984098626,10.2833638959929,5.16988866852739,253676,0.000181985917660582,65224.8270228165,224787,335093,1.6546e+12,7360745.95061102,47.0258647553755,120329,0.178092482059188,4.25077814218739,0.178092482059188,0.0844766169196142,80.0514178871923,104.422873169212,0.330224809720453,0.492270559078843,0.156210834278725
"59","セーレン","3569","A","","NonSP","General",0.000126853434819382,174847.453138188,0.00125162365124814,17720.9818445678,10.2971465889682,5.6661276278144,12958,0.000200483816122643,110632.371375212,10177,14897,1.43357e+11,14086371.2292424,167.326530612245,9906,0.203090715315654,4.28301000201383,0.203090715315654,0.155256723716381,265.448979591837,304.020408163265,0.364832407241441,0.534038358128697,0.126719087552841
"60","TIS","3626","A","","NonSP","General",0.000170165396467186,166602.614800518,0.00106098595522647,26720.4291068572,16.5690011498035,9.93544267877412,33345,0.000126610254043161,223915.513117409,61527,77312,7.46646e+11,12135257.6917451,197.42731277533,23286,0.194270633061838,2.22012106788079,0.194270633061838,0.13566609571084,147.894273127753,340.581497797357,0.541077458843394,0.679893063177149,0.233328150538695
"61","特種東海製紙","3708","BBB","","NonSP","General",0.000515973154362416,85469.5629552549,0.00538832214765101,8184.36589193633,10.469977801686,6.00198296523565,11638,0.000781073825503356,56460.7320845506,9496,19824,6.5709e+10,6919650.37910699,39.0253807106599,3796,0.243452430758932,2.41142050040355,0.243452430758932,0.0794075809555686,60.0761421319797,100.629441624365,0.856498601966267,1.78804004690178,0.12022992580588
"62","王子ホールディングス","3861","AA","-","NonSP","General",7.9736247874798e-05,78885.0763316148,0.000853333513567899,7371.09219313406,10.7703124313398,4.08203537027149,127107,0.000125304888031131,50197.562911012,126876,189634,6.38046e+11,5028894.35354204,11.9103224856428,127107,0.113912411467328,5.88412942826708,0.113912411467328,0.113912411467328,19.7169783537034,27.9243115888676,0.387489272549026,0.579157135396465,0.149506587959556
"63","日本製紙","3863","A","","NonSP","General",9.16692606793699e-05,139196.060985268,0.00365336023881042,3492.67500764031,2.58433587393815,0.688736568764436,84197,0.000724244791350372,17618.3524581636,25980,97921,1.48341e+11,5709815.24249423,1.44521291022512,84197,0.0750014475260666,11.4643947672103,0.0750014475260666,0.0750014475260666,12.4180905885544,13.2792243016002,0.127569935134764,0.480822772068175,0.064045517183575
"64","三菱製紙","3864","BBB","-","J2","General",4.4187230212318e-05,82376.7405766313,0.00140590043237998,2589.08804362341,3.14318420299533,0.943954774205254,13014,0.000290871327254985,12514.1244905486,3647,13665,16285881612,4465555.69289827,2.69713506139154,13014,0.0888115467294503,10.7233809001098,0.0888115467294503,0.0888115467294503,18.7544338335607,18.6425648021828,0.161486007793128,0.605074388947928,0.0590947022174692
"65","北越コーポレーション","3865","A","","NonSP","General",7.08895466628646e-05,85767.2292491186,0.00103916917855452,5850.827878149,6.84683851815329,3.67169317634098,23760,0.000126347282927737,48121.3355690236,15338,29934,1.14336e+11,7454426.91354805,30.5057208237986,8234,0.141718757455743,5.60085521480591,0.141718757455743,0.0491124683876509,55.370709382151,68.4988558352403,0.398648473034438,0.778011695906433,0.0815243967258425
"66","大王製紙","3880","A","-","J1","General",0.000193576910206264,97119.0209615796,0.00146017234208465,12875.1925085498,13.6758460406635,3.84996016714501,64210,0.000379911770771899,49485.1737860146,52941,89653,3.17744e+11,6001851.1172815,7.58919044305266,10073,0.106482126392178,6.72606605467748,0.106482126392178,0.0167044768594986,15.8944560426815,20.7963349570865,0.331752099260559,0.561805990725655,0.232032503221395
"67","朝日印刷","3951","BBB","+","NonSP","General",9.9506423231954e-05,90948.9026542944,0.00134919887451665,6707.68421982429,7.47443465918255,3.64554651729943,4466,0.000191797879220504,47185.0889946261,3101,6084,21072860745,6795504.91615608,26.632183908046,108,0.138954573739888,5.28270874424721,0.138954573739888,0.00336029869321717,52.3333333333333,69.9310344827586,0.352386363636364,0.691363636363636,0.100585478194586
"68","住友化学","4005","A","+","J1","General",8.3242211021156e-05,68114.4809880046,0.000895298814659077,6333.08109779984,13.5203045436261,3.45348942698886,374464,0.000226201253295111,25066.1741144409,208295,385145,9.38638e+11,4506291.55764661,8.56397986452054,374464,0.149299778520694,6.51218372301341,0.149299778520694,0.149299778520694,24.271642533093,23.9354297433348,0.270093465215069,0.499412600687763,0.144915436716943
"69","日産化学","4021","AA","-","NonSP","General",0.000315840277777778,169072.799630615,0.00139279166666667,38340.2638585575,22.8744297863994,17.1297394815242,39939,0.000277354166666667,192533.613760985,56626,66972,7.6896e+11,13579627.7328436,659.144927536232,31685,0.61494757263615,0.96976348324673,0.61494757263615,0.487859331454879,579.826086956522,970.608695652174,0.645347313237221,0.763257165650464,0.293330570592349
"70","クレハ","4023","A","","J1","General",0.000853047479436475,83934.3667568177,0.00891696086502898,8029.64161038373,9.65457215906,6.90790625985217,26704,0.00128351250230289,55784.4196075494,25574,38870,1.48967e+11,5824939.39156956,84.1137440758294,26704,0.373995126186942,1.83694365834834,0.373995126186942,0.373995126186942,127.559241706161,184.218009478673,0.596519873110655,0.906652360515021,0.145247398791404
"71","石原産業","4028","BBB","","NonSP","General",9.75140045141209e-05,114342.550647537,0.00196897563964965,5662.84304156448,4.95252468087782,2.18752256681165,4749,0.000117596243635744,94815.9537692146,4790,10263,45028096445,9400437.67118998,7.33333333333333,4749,0.0472509103934093,9.79304296989184,0.0472509103934093,0.0472509103934093,9.84357541899441,19.1117318435754,0.167353783802669,0.358570330514988,0.0613379091328177
"72","東ソー","4042","A","+","NonSP","General",0.000292422543509439,65453.2300085208,0.002035428368803,9403.42597821602,15.4427352815516,9.67270263010086,95106,0.000292560970566359,65422.2604024983,109737,150231,6.22205e+11,5669965.46287943,71.2067415730337,95106,0.296191793108603,2.13734848333566,0.296191793108603,0.296191793108603,72.2404494382022,112.532584269663,0.536907924672313,0.735032071511397,0.172632161838817
"73","トクヤマ","4043","A","","NonSP","General",0.000429459265991844,53788.5704867728,0.00284735419092192,8112.79470381612,15.5916821530915,8.00400213033294,43314,0.00060084623686717,38445.7762778778,37233,55061,1.66524e+11,4472484.08669729,20.3143044619423,19514,0.238601246054436,3.2969433900583,0.238601246054436,0.107495606859359,29.4212598425197,36.1292650918635,0.391300235412813,0.578663611905162,0.193072156395032
"74","セントラル硝子","4044","A","-","J1","General",0.000113039849339149,195063.95425072,0.00393435916957827,5604.470524831,2.93403553698044,1.70512379521667,17918,0.000416930428254192,52886.521361201,5829,21493,94762068975,16257002.7406073,11.2193995381062,10439,0.154702906183627,5.38882426836645,0.154702906183627,0.0901296817530348,42.3810623556582,49.6374133949192,0.151010362694301,0.556813471502591,0.0349646993899623
"75","デンカ","4061","A","+","J1","General",0.000328064190910503,115221.353159851,0.00304933023050767,12396.1647780296,10.862672369956,5.52282642789928,40610,0.000458580710204996,82428.2381679389,35065,57483,3.34741e+11,9546299.72907458,35.3861144945189,3782,0.15863405182853,4.45345580432476,0.15863405182853,0.0147735529183822,50.4640682095006,70.0158343483557,0.349971056151067,0.57371698904126,0.133823108482015
"76","信越化学工業","4063","AA","+","NonSP","General",0.000965156972871345,183907.908235835,0.00692796440789951,25620.8013709782,14.295246091731,11.8956166259689,401176,0.000962831351250506,184352.11916341,504275,649018,7.39576e+12,14666124.6343761,552.396978021978,164981,0.812113605538574,0.761134513988826,0.812113605538574,0.333976396283326,552.065934065934,891.508241758242,0.927484173315529,1.19370169688543,0.179784682640952
"77","エア・ウォーター","4088","A","+","NonSP","General",0.0002160518277515,75676.286427003,0.00162080872065419,10087.556780544,13.873509280402,5.35583462178781,76601,0.000333402890017781,49039.7668692315,66998,106031,3.7565e+11,5606883.78757575,23.5479127134725,26285,0.138161466440369,5.22895191029039,0.138161466440369,0.0474089652274133,37.3382352941176,50.2993358633776,0.370369551397219,0.586146659664446,0.185025213890009
"78","日本酸素ホールディングス","4091","A","+","J1","General",0.000179421115662553,134599.542037294,0.00125585083273959,19229.9908320463,15.142527535057,4.2316753199651,149231,0.000344570464461411,70087.2607806019,108120,196522,1.04592e+12,9673695.89345172,6.18974032180978,89156,0.115468657390858,6.57633242079767,0.115468657390858,0.0689851546819314,12.8871276087303,15.654134140513,0.340600871348511,0.619085871616279,0.219623743008532
"79","三井化学","4183","A","+","J1","General",0.000362774480344968,95789.5383571515,0.00333323210523123,10425.316600504,12.2126065722355,4.76489370236663,174323,0.000851796610282125,40796.1238405144,86641,171312,7.1117e+11,8208238.59373738,16.0213638325421,99419,0.199006128077738,5.11329037078547,0.199006128077738,0.113496155110689,38.6182563659905,36.9684937419076,0.294855738798402,0.583007194342538,0.134133314342686
"80","三菱ケミカルグループ","4188","A","+","NonSP","General",2.1847082139911e-05,419277.958554759,0.00104305942050434,8781.85827186236,2.66172950946302,0.622405540294461,467133,0.000310121946677496,29536.7680299187,89497,460483,1.37976e+12,15416829.6144005,1.53746963184452,220723,0.125705851327205,8.06996132321932,0.125705851327205,0.0593967298874082,22.8245655017754,21.5138759110447,0.0966230462866896,0.497148175058759,0.0592307618489486
"81","ダイセル","4202","A","+","NonSP","General",0.000109063535655897,83254.2237457627,0.000808733844906014,11227.4267451429,13.8909910364428,5.15939630066288,57869,0.000191022934166801,47533.5594629249,40826,70935,2.75072e+11,6737667.17288003,27.6485355648536,23171,0.146361511846711,5.57389159089307,0.146361511846711,0.0586037877101754,49.4259414225941,59.3598326359833,0.366379194299611,0.636582279616983,0.128064895080327
"82","住友ベークライト","4203","A","+","J1","General",0.000325445542186546,145800.122752339,0.00407620592001553,11640.7269237809,8.06123723183737,4.66764807107759,27405,0.000552626252160747,85862.7323882503,19115,34474,2.35307e+11,12310070.6251635,44.4600550964187,18449,0.190813385135982,4.16609618843186,0.190813385135982,0.12845525058835,76.495867768595,94.969696969697,0.301674478796774,0.544071461262882,0.100263575446833
"83","アイカ工業","4206","A","","NonSP","General",0.000268661364238114,143303.076380858,0.00222671284898163,17290.0605561277,13.4729672579963,8.75710710203845,19713,0.000291652705172418,132006.318875869,24874,30647,2.60224e+11,10461686.901986,131.586956521739,14153,0.346705828555348,1.85525500048944,0.346705828555348,0.248918358014703,143.847826086957,222.079710144928,0.502180408624727,0.618731325203909,0.167656356369176
"84","UBE","4208","A","","J1","General",0.00021123330883273,103866.194783578,0.00358413009885197,6121.42957841502,6.24852024857039,2.91447428252199,66054,0.000621976774467845,35274.6290547128,30882,67319,2.33003e+11,7544945.27556505,24.0955961331901,66054,0.169771894878879,5.77957188906549,0.169771894878879,0.169771894878879,71.9495166487648,72.3082706766917,0.295346301715728,0.643818978213883,0.0840232790355362
"85","野村総合研究所","4307","A","","SP","General",0.00011638350637346,302448.354555048,0.000545616357716149,64514.1948224222,21.5056203573428,10.8257582219406,84594,0.000138520525334597,254113.96552947,104544,147675,2.14965e+12,20562155.6473829,70.7213930348259,76960,0.261634434275923,2.18946334856949,0.261634434275923,0.238023808566507,85.1731343283582,146.940298507463,0.562675593924585,0.794814798867587,0.34968466366633
"86","ハリマ化成グループ","4410","BBB","+","NonSP","General",8.88023326026185e-05,101911.737392055,0.00143559936743292,6303.98717448786,6.70022565526818,3.33765672287073,3007,0.000115297329074298,78492.7116062521,3359,6054,23602758380,7026721.75647514,8.8735632183908,781,0.0941216977588581,5.27717211760819,0.0941216977588581,0.024445974708902,12.5210727969349,23.1954022988506,0.224502071915519,0.404625050126988,0.0893517410156146
"87","武田薬品工業","4502","BBB","+","SP","General",0.000237743971999665,154872.486104724,0.00327202953902696,11252.9546450701,7.27176318282664,2.91327806765227,1010931,0.000638918872952976,57628.5997466692,708664,1293787,5.82585e+12,8220891.70608356,2.8757931593352,899725,0.13069370905362,5.97866263921341,0.13069370905362,0.116316936940571,8.72847575799275,9.89088421020442,0.321607766539112,0.587149830451862,0.143097044291159
"88","武田薬品工業","4502","A","+","J1","General",0.000237743971999665,154872.486104724,0.00327202953902696,11252.9546450701,7.27176318282664,2.91327806765227,1010931,0.000638918872952976,57628.5997466692,708664,1293787,5.82585e+12,8220891.70608356,2.8757931593352,899725,0.13069370905362,5.97866263921341,0.13069370905362,0.116316936940571,8.72847575799275,9.89088421020442,0.321607766539112,0.587149830451862,0.143097044291159
"89","アステラス製薬","4503","AA","+","NonSP","General",7.80561869568248e-05,222788.233424968,0.000744507800388506,23357.7136343305,10.4842671784087,6.39172283240706,306843,0.000164811005576457,105514.798233136,165312,338312,3.23765e+12,19585087.5919473,68.6137865911237,275459,0.345733527283544,2.62335654661969,0.345733527283544,0.310371791737135,145.873937677054,159.731822474032,0.164741171839576,0.337143796744281,0.123584682442942
"90","ロート製薬","4527","A","+","NonSP","General",0.000194818906105307,147778.26534165,0.00132621831361229,21708.3414581897,14.7923819811478,10.1891137782896,20008,0.000169431308065504,169921.37007447,30922,38907,3.39979e+11,10994728.6721428,158.662068965517,11287,0.289224898088988,1.77803480093556,0.289224898088988,0.163158807713435,138.986206896552,268.324137931034,0.289732586248899,0.364550343871222,0.208478850069443
"91","栄研化学","4549","BBB","+","NonSP","General",0.000157780732919294,144314.198436681,0.000957065313276975,23791.4797288347,16.6038283062645,12.3372541977193,5451,0.000125191088084872,181881.956202532,8044,9755,99143854326,12325193.227996,3435,3897,0.389023693976591,1.43639159405433,0.389023693976591,0.278118755352555,2726.5,4877.5,0.434200582964482,0.526557270862572,0.203710034821146
"92","藤倉化成","4620","BBB","+","NonSP","General",5.79823050353399e-05,85715.8058302583,0.00111575438218769,4454.3853731098,5.60082669028639,3.5263500325309,1594,4.87210301667537e-05,102009.337302384,2663,4110,16260288366,6106003.89260233,48.6410256410256,373,0.092192018507808,4.20681265206813,0.092192018507808,0.0215731636784268,41.8717948717949,105.384615384615,0.195291874449985,0.301408037547668,0.0730690080943888
"93","オリエンタルランド","4661","AA","","NonSP","General",0.000186433419039987,801894.857530529,0.00208954787228777,71546.5780816582,8.92218941295983,6.5167016670431,23834,6.55338049288988e-05,2281265.3738357,68546,120078,5.43717e+12,79321477.547924,192.079320113314,-87773,0.0849645476031756,2.33612318659538,0.0849645476031756,-0.312897257563713,68.5184135977337,340.164305949009,75.9933481152993,133.124168514412,0.0867558323128961
"94","リゾートトラスト","4681","BBB","+","NonSP","General",6.40706672275791e-05,280783.715519919,0.00111306773552229,16162.5383845651,6.01574666897387,1.70733444159875,22981,0.000211765856976412,84952.3160006092,9378,42743,1.95229e+11,20817764.9818725,15.6599099099099,8911,0.0802266356200537,6.701705542428,0.0802266356200537,0.0311082872812453,52.759009009009,96.268018018018,0.0723142407698714,0.329593473366028,0.0739059507766508
"95","Zホールディングス","4689","AA","-","NonSP","General",1.86272380692989e-05,293655.988056305,0.000390477404552549,14008.4930298799,5.31685653975405,2.12963737254879,207921,2.71569888623686e-05,201421.447264346,192099,306967,4.18797e+12,21801102.5564943,142615,179343,0.05608751033832,12.0764837914173,0.05608751033832,0.0483784820513816,207922,306967,0.248382467028704,0.396905870183605,0.0951592848898554
"96","富士フィルムホールディングス","4901","AA","-","SP","General",0.000352110262159299,222401.924669187,0.00431800603641799,18135.6856242291,8.21953164477725,5.10551242067585,420861,0.000817800154756351,95756.8906591012,183783,307206,4.03003e+12,21928197.9290794,70.288983708301,320798,0.317141229467554,4.31972682825205,0.317141229467554,0.241738417507758,164.250969743988,119.164468580295,0.211319882578985,0.353235804440888,0.0871853647868529
"97","コニカミノルタ","4902","A","+","NonSP","General",3.97879828104853e-05,140746.01436,0.00109556807488413,5111.50345503838,3.70447203864505,1.53875508558556,78060,0.000155292496909324,36060.9824135281,30823,109247,2.81492e+11,9132530.90224832,2.54258835494533,52386,0.104212140994781,6.85647203126859,0.104212140994781,0.0699366797098721,10.9237223493516,13.8885075006356,0.0822705749838518,0.291594377745867,0.056844409568185
"98","高砂香料工業","4914","A","-","NonSP","General",0.000425259585745557,63866.8731061844,0.00502912879296691,5400.53777067361,8.57188581487927,4.64468435657301,13733,0.000681457396854578,39855.7563911745,10101,16655,54733910252,5418662.53361053,17.0717131474104,7676,0.165133532941332,4.99327529270489,0.165133532941332,0.0923006625542609,28.3565737051793,33.1772908366534,0.224197629511253,0.369667510098992,0.103006261344863
"99","荒川化学工業","4968","A","-","NonSP","General",0.000186031647653541,63806.3477355544,0.00283695841645523,4184.05850827786,6.71337958028272,3.63285645394631,3685,0.00017842962561252,66524.8271370421,4518,7498,24514398800,5425940.41611332,27.8405797101449,-1740,0.0781283127676716,6.29047746065617,0.0781283127676716,-0.0368909807912479,27.7028985507246,54.3333333333333,0.270733461169703,0.449304889741131,0.0802365539838568
"100","出光興産","5019","A","+","J1","General",0.000216816548242548,118717.875589483,0.004079489535246,6309.61294976036,5.61128826253551,1.63315035771157,170466,0.000572293359027503,44976.9328858541,84184,202506,7.66704e+11,9107478.85583959,5.38991821064931,49402,0.0622296304246404,13.5270362359634,0.0622296304246404,0.0180344948684083,15.2268402603906,16.9008512769154,0.150589952560516,0.362246613765321,0.0696973961998592
"101","ENEOSホールディングス","5020","AA","-","J1","General",7.14770269627882e-05,64356.3421068816,0.000852113669016584,5398.34081679363,9.93033441887431,2.86507276873606,679094,0.000210227423971778,21881.0653391136,281508,768445,1.48593e+12,5278464.55518138,9.08125860373648,411248,0.127980023557126,6.90517863998074,0.127980023557126,0.0775025677267373,27.7096951819076,30.2239921337266,0.259753633217993,0.709061130334487,0.103107494657975
"102","コスモエネルギーホールディングス","5021","BBB","+","J2","General",0.00110472382682902,22974.06771143,0.00529806899352308,4790.42459262558,28.8194690211019,5.47964122065491,167445,0.00197527423098609,12848.8488341844,112433,166264,2.15148e+11,1913566.30170857,12.961660899654,167445,0.132903721494694,7.57768969831112,0.132903721494694,0.132903721494694,24.1757785467128,23.0123183391003,0.48323777432027,0.714603766772971,0.276942554981224
"103","住友理工","5191","A","","J1","General",5.84374858171357e-06,1375829.21092105,0.00164808127147205,4878.40019735115,0.398333289656438,0.160209959367803,29830,0.000286708914790322,28042.3788213208,5946,39538,83650416024,14068351.1644803,0.69327251995439,29830,0.143392090601881,5.26154585462087,0.143392090601881,0.143392090601881,35.0136830102623,45.0832383124287,0.102715588723051,0.683008568269762,0.0350652682233538
"104","日本板硝子","5202","BB","+","J3","General",0.000179441244204851,33437.1288305957,0.00087721209366679,6839.85098167047,25.9243370354481,1.97778567038764,21053,0.000231538153606566,25913.6557260248,32028,70086,54556019400,1703385.14424878,1.32585730537949,-18148,0.0282514382025789,10.6326655822846,0.0282514382025789,-0.02435316109345,2.71079148382903,5.69527059970746,0.273418758910354,0.598314822561231,0.381385600990736
"105","住友大阪セメント","5232","A","","J1","General",0.000440517154666497,70825.8456441285,0.00532634226596611,5857.67839204769,8.35562580068816,5.16396177764295,32797,0.000848712983704229,36761.5443607647,21877,41776,1.20567e+11,5511130.41093386,27.7247557003257,32797,0.264870016071328,2.9639745308311,0.264870016071328,0.264870016071328,54.4153094462541,68.0390879478827,0.428582623175629,0.818415123910275,0.108161156514044
"106","太平洋セメント","5233","A","","J1","General",0.000533712820186089,47591.1371046771,0.00415477866891227,6113.4423814325,13.8250071137046,6.23475546983558,110403,0.000905053321357879,28064.6448121881,79182,132834,3.09842e+11,3913035.79096259,18.6120640365923,110403,0.205437240070338,4.04568860382131,0.205437240070338,0.205437240070338,32.5617495711835,37.9742710120069,0.413975908653645,0.694476975197624,0.16158569559885
"107","日本特殊陶業","5334","AA","-","J1","General",0.000254687980897985,63018.2859175785,0.00221195196363596,7256.03460828207,11.5858753071869,6.74205522414958,63397,0.000310502758119835,51690.362099153,60013,95177,3.27701e+11,5460500.22495126,61.1776470588235,36425,0.19832262423905,3.35864757241771,0.19832262423905,0.113947057240995,75.5847058823529,111.972941176471,0.460879782511865,0.730927550033023,0.140980991656908
"108","黒崎播磨","5352","A","-","J1","General",0.000717426069676894,68020.9460773819,0.00694363986813141,7028.01425862723,10.882553630569,5.01634011998097,10080,0.00110592671392309,44125.8895238095,7465,10441,44478896640,5958325.06898861,27.0206611570248,10080,0.150301945873406,6.42323532228714,0.150301945873406,0.150301945873406,42.6528925619835,43.1446280991736,0.363154310177077,0.507929558279821,0.123878826096697
"109","ニチアス","5393","A","","NonSP","General",0.000258538628247304,107179.341779033,0.00201218319782937,13771.1119096372,12.9455286533903,7.98353384759702,18683,0.000275512046061166,100576.364613285,23564,33615,1.87907e+11,7974325.24189442,103.129411764706,10615,0.224687616504913,2.47362784471218,0.224687616504913,0.127659318589073,110.9,197.735294117647,0.511549149010073,0.729745571378951,0.178729762631645
"110","日本製鉄","5401","AA","-","J1","General",9.1084973797107e-06,2077181.25298521,0.00329508205688079,5741.89039101203,0.313623642932816,0.114286529109133,403185,0.00042426172782332,44595.1137215918,57685,348548,1.79801e+12,31169454.7976077,0.388196250784824,403185,0.0907551255931548,12.7459030033166,0.0907551255931548,0.0907551255931548,19.0816665171764,15.6313570723832,0.102037386880629,0.616536831454791,0.0188266418277492
"111","日本製鐵","5401","BBB","","SP","General",-9.1084973797107e-06,-2077181.25298521,0.00329508205688079,5741.89039101203,-0.313623642932816,-0.114286529109133,403185,0.00042426172782332,44595.1137215918,40373,331236,1.79801e+12,44534961.4841602,-0.388196250784824,403185,0.0907551255931548,13.4120657174945,0.0907551255931548,0.0907551255931548,19.0816665171764,14.8549645708135,0.071414673147814,0.585914117721976,0.013176527875734
"112","神戸製鋼所","5406","A","-","J1","General",5.14540108096786e-05,141485.569063367,0.00211155480940348,3447.69644035743,2.63921775094952,0.725858375537628,194798,0.000534624407814368,13617.0363597162,39234,153599,2.65257e+11,6760896.16149258,1.62658337671352,194798,0.107415613361581,11.8067044707322,0.107415613361581,0.107415613361581,17.9007461391636,13.3263057435364,0.175789020915103,0.688204562969335,0.0528139437211256
"113","JFEホールディングス","5411","AA","-","J1","General",8.02358708053336e-06,1652627.418,0.00286465494810327,4628.82973350059,0.293588165478915,0.105908263250563,247274,0.000402439040923287,32949.0895554729,29746,266099,8.14745e+11,27390069.2530088,0.356110950592314,247274,0.0854195324196547,10.8787255870935,0.0854195324196547,0.0854195324196547,18.8614562265241,19.2212510835019,0.0945761623304156,0.846050636050604,0.0171609591352713
"114","共英製鋼","5440","A","-","NonSP","General",0.000283638312264066,49887.4777777778,0.00366564934019292,3860.1619213406,8.24650810404781,4.5114460008077,15191,0.000338339191331247,41821.9359818313,20043,28445,63531702950,3169770.14169536,9.72137404580153,5838,0.129066517132686,4.13777465283881,0.129066517132686,0.0496011011138582,12.5961832061069,21.7137404580153,0.709285865949466,1.00661759501734,0.124248745455278
"115","大阪製鐵","5449","A","","NonSP","General",3.67076788254073e-05,322548.31628866,0.00351263158059055,3370.69223696083,1.06078314776463,0.794910931049672,4187,9.90303165218944e-05,119559.347236685,4035,7645,50059498688,12406319.3774473,3.93908629441624,4187,0.0896055813555332,6.11209941137999,0.0896055813555332,0.0896055813555332,11.6269035532995,19.4035532994924,0.497288636923835,0.942198668967217,0.0271801366079728
"116","丸一鋼管","5463","AA","-","NonSP","General",0.00021818085106383,120771.368667414,0.00294656382978723,8942.61978431422,7.61748057466312,6.21010622191539,24355,0.000259095744680851,101699.856292342,25018,31197,2.4769e+11,9900471.66040451,133.175324675325,24355,0.457156264664477,1.70769625284482,0.457156264664477,0.457156264664477,159.149350649351,202.577922077922,0.783771929824561,0.97734962406015,0.0919341710472404
"117","日本冶金工業","5480","BBB","","NonSP","General",0.000305859079107353,77225.1066371308,0.00355719271180402,6640.06757958895,8.5991074344182,2.93989952242139,11182,0.000721543506873086,32735.3787748167,5988,9963,36604700546,6113009.44321977,9.27592954990215,11182,0.105388160560964,10.6497039044465,0.105388160560964,0.105388160560964,22.8825831702544,19.4970645792564,0.35111997185411,0.584203119502756,0.112706807957989
"118","山陽特殊製鋼","5481","A","","J1","General",0.000174637136265052,104559.662340582,0.00330023642518241,5532.9369316293,5.33597170292556,2.98064879759519,22313,0.000409357960025433,44606.4368672971,11436,29552,99530342582,8703247.86481287,14.8734375,3138,0.15998193185729,4.71954520844613,0.15998193185729,0.0224991396122519,35.8640625,46.175,0.502195678903917,1.29773405937116,0.0631667904852122
"119","愛知製鋼","5482","A","","NonSP","General",0.000237194000505364,122136.31010176,0.00903700593487851,3205.70775417882,2.77777777777778,1.50203795694816,14793,0.00074386492462918,38945.2426654499,8025,25054,57611697475,7179027.72274143,31.6577181208054,1710,0.110130059632379,5.3613395066656,0.110130059632379,0.0127305078058114,100.281879194631,168.147651006711,0.29985427642641,0.936143182752307,0.0467375446627471
"120","三菱製鋼","5632","BBB","","NonSP","General",0.00040388369982676,26591.8134468085,0.00284997397830473,3768.45546021039,16.3123120034964,4.79519347037485,3777,0.000240420604294038,44671.712025417,8154,11577,16872505632,2069230.51655629,5.40920716112532,-168,0.0431425405782037,7.56214908871037,0.0431425405782037,-0.00191896923937999,4.21994884910486,9.8695652173913,1.08966991848189,1.54710677535748,0.175189068408388
"121","大紀アルミニウム工業所","5702","BBB","+","NonSP","General",0.000205321042186506,58785.986431123,0.00100357019782721,12027.061012904,20.7895286500035,9.18138304959669,4521,0.000103623178357356,116479.731574873,11048,13949,52660486645,4766517.61812093,23.2675324675325,-256,0.0840615819419137,3.85561689009965,0.0840615819419137,-0.00475995686289093,12.7428571428571,36.2311688311688,0.684934903905766,0.86478611283323,0.267908239972841
"122","日本軽金属ホールディングス","5703","A","-","NonSP","General",0.000126303054743422,151856.976372925,0.00334072386329267,5741.27069008807,4.10566718402618,1.54451578542474,41942,0.00067655207178143,28349.6286538553,13627,32784,1.18904e+11,8725618.2578704,7.57986447241046,17696,0.139876138482113,9.14626037091264,0.139876138482113,0.0590159779357081,41.6021297192643,31.7366892545983,0.151295118187168,0.363987609499384,0.0667496118069468
"123","三井金属鉱業","5706","A","-","J1","General",0.000954925505548181,32515.6253755894,0.00367491162130762,8449.18278305471,27.4987560876317,9.19397688146837,27565,0.000481092984618847,64540.5378849991,62238,96449,1.77906e+11,2858478.7428902,32.762874251497,1130,0.0716819314204283,3.98703978268308,0.0716819314204283,0.00293853011083199,17.5059880239521,57.7538922155689,0.608869192615854,0.943552568504877,0.32431249430064
"124","東邦亜鉛","5707","BBB","-","J2","General",0.000519450082186763,36115.1160493127,0.0030520728649273,6146.64224290951,17.0195832529423,6.21023452281427,4313,0.000317470342138516,59092.1340041734,7942,14560,25486437396,3209070.43515487,12.6469534050179,1581,0.0597608457690762,4.95679945054945,0.0597608457690762,0.0219063058569231,8.72939068100358,26.0931899641577,0.590966589776025,1.08341394448992,0.204235403031901
"125","三菱マテリアル","5711","A","-","J1","General",0.000329615584996935,68989.4563092684,0.00467256956989011,4866.70121436733,7.94907865077866,2.12920759344176,78442,0.000596564585919328,38118.2533069019,62932,128426,2.99007e+11,4751271.21337316,9.81453804347826,1617,0.0551961051288709,11.0659134443181,0.0551961051288709,0.00113781012714342,18.763134057971,29.0819746376812,0.365142820672009,0.745150827681043,0.104849270426881
"126","住友金属鉱山","5713","AA","-","J1","General",0.000424253968640404,104135.7377082,0.00420537847875041,10505.5942582195,11.0760797649389,6.5418380391506,91522,0.000314709729515615,140383.33059483,135521,181512,1.28482e+12,9480597.103032,32.8397657705616,52255,0.138038901021996,3.65273921283441,0.138038901021996,0.0788140859345778,25.3603939313282,48.3130157040192,0.898227683660755,1.20305416368409,0.116135489833721
"127","DOWAホールディングス","5714","A","+","J1","General",0.000626883331914269,67556.4301106536,0.00446392231576575,9487.17226785682,14.6252422799722,6.49321353916898,3088,4.98151242653439e-05,850143.417778497,54266,76568,2.62524e+11,4837725.27918033,42.7032967032967,-30399,0.00959736445432084,4.20221241249608,0.00959736445432084,-0.0944787182794362,4.39340659340659,84.1406593406593,0.715457230249974,1.00949266954963,0.202880236879295
"128","古河機械金属","5715","BBB","","J2","General",0.000244946492035914,52133.8350015141,0.0023331110098392,5473.37865457166,10.79546692819,4.53876990035506,6042,0.000149385959915311,85483.2676861966,11562,15441,51648990336,4467132.87804878,21.7258771929825,2639,0.0487611976434509,8.02473933035425,0.0487611976434509,0.0212977160842547,14.25,33.8618421052632,0.520951608542849,0.695728575290619,0.134184413625022
"129","UACJ","5741","BBB","+","J2","General",7.18628151480855e-05,399650.360771667,0.00406481161006785,7065.5180990099,1.89716108662045,0.473832132722113,38623,0.000799181546059461,35936.765734407,11310,44408,1.38799e+11,12272236.9584439,0.546756926952141,15725,0.0719888017833645,12.0814718068816,0.0719888017833645,0.0293095799923208,7.08044710327456,6.9911838790932,0.172476896330863,0.677219629731296,0.0566688629400167
"130","住友電気工業","5802","AA","","J1","General",0.000138977656553087,111384.810939641,0.00238368722940599,6494.14059404831,6.77428742281156,3.26264949374821,169656,0.00021368853815634,72441.8826276701,141840,319931,1.22902e+12,8664833.61534123,20.4182087342709,2825,0.113908344792025,4.655403821449,0.113908344792025,0.00189672675317979,32.3945225758697,59.2026276831976,0.266946209887022,0.602117652815601,0.0775261378794491
"131","住友電気工業","5802","A","","SP","General",0.000138977656553087,111384.810939641,0.00238368722940599,6494.14059404831,6.77428742281156,3.26264949374821,169656,0.00021368853815634,72441.8826276701,141840,319931,1.22902e+12,8664833.61534123,20.4182087342709,2825,0.113908344792025,4.655403821449,0.113908344792025,0.00189672675317979,32.3945225758697,59.2026276831976,0.266946209887022,0.602117652815601,0.0775261378794491
"132","三和ホールディングス","5929","A","+","J1","General",0.000136402597402597,97065.6003046749,0.000785225108225108,16861.4068262885,17.5217429988656,8.39883889230966,50144,0.000217073593073593,60993.1397574984,42731,53024,3.05844e+11,7157426.69256512,61.3015564202335,50144,0.258779693555795,3.65440178032589,0.258779693555795,0.258779693555795,98.556420233463,103.15953307393,0.335874802512124,0.416779984751185,0.24627398997176
"133","LIXIL","5938","A","+","NonSP","General",0.000189247922754701,157148.356331225,0.00177061307636154,16796.4420894898,10.7365767892937,3.40420963432376,151043,0.000482073935351014,61691.7817353998,89987,183613,9.31811e+11,10354951.2707391,10.9138597459967,96084,0.127242644983729,6.46493984630718,0.127242644983729,0.0809437200043469,28.8010307380821,33.7958770476716,0.191779975278121,0.391315374451217,0.165128304878228
"134","東プレ","5975","A","","NonSP","General",0.000307449818799158,51227.8721175266,0.00306602013290036,5136.95256955178,10.2434270983021,5.36137383388747,24718,0.00045755582040325,34422.0296140464,20608,41037,85084372800,4128705.97826087,44.1728723404255,-8700,0.171464642961195,3.51287862173161,0.171464642961195,-0.0603504488131078,66.7393617021277,109.140957446809,0.820937736525515,1.634744851213,0.130833230167573
"135","リクルートホールディングス","6098","A","","SP","General",9.93549358589542e-05,566554.640827409,0.00064936023285879,86685.3206458069,15.4366504789885,7.67099165852155,286597,0.000168988062767022,333100.451465647,206620,326611,9.54656e+12,46203465.2986158,168502,272582,0.261654998886174,3.35360413458212,0.261654998886174,0.248859698134981,286598,326611,0.180344996434472,0.285077241459972,0.197059463088785
"136","牧野フライス製作所","6135","A","-","NonSP","General",9.63692183942205e-05,425447.053355565,0.00650731239104484,6300.6042335424,1.48835189378664,0.856739817509776,18036,0.000724516558131789,56589.4589155023,3590,10596,1.02065e+11,28430362.1169916,8.24398625429553,12642,0.152817671131898,11.1384484711212,0.152817671131898,0.107114714928446,62.979381443299,36.4123711340206,0.133308577794281,0.393464537690308,0.0228884744736129
"137","ディスコ","6146","AA","-","NonSP","General",0.00148158331274809,210248.04836808,0.00699705266569235,44518.7445175786,21.2712427797439,16.2400539774972,56709,0.0015723903896888,198106.018736003,60349,67164,1.12344e+12,18615718.570316,971.527272727273,35683,0.739611863213084,1.14159371091656,0.739611863213084,0.46538591960769,1032.07272727273,1221.16363636364,0.564626741390118,0.62838805048511,0.251851882764866
"138","日本郵政","6178","AA","+","NonSP","General",0.00018432826976218,50399.2144665923,0.00426529206773273,2178.04545444369,5.03484684539959,0.233267065144572,6965155,0.00184856552287592,5025.51837359111,876456,1256284,3.50035e+12,3993754.39269056,52.271016783322,6792779,0.0247283261515032,224.206519385744,0.0247283261515032,0.024116341213811,525.208248664108,94.5498607661624,0.0747803637810065,0.107187781853576,0.06110295996133
"139","豊田自動織機","6201","A","+","SP","General",0.000564726978194003,161848.120471059,0.0101968557390508,8963.54742471897,5.68630529060536,2.82920350689562,382386,0.00117353685531676,77884.217769479,242046,454893,2.97818e+12,12304190.1126232,33.8878453038674,160026,0.120192894026471,6.99381173155006,0.120192894026471,0.0502999274541433,71.4209944751381,83.7740331491713,0.493561470370529,0.927582599758976,0.0828486722857284
"140","瑞光","6279","BBB","+","NonSP","General",7.35416666666667e-05,133529.745042493,0.000954166666666667,10291.7030567686,7.74009647712323,5.00413467217956,1817,6.30902777777778e-05,155649.972482113,2505,2893,28281600000,11290059.8802395,192.545454545455,-6284,0.12240635947184,5.13100587625302,0.12240635947184,-0.423336028024791,166.181818181818,263,0.563427800269906,0.650697255960414,0.0934875909684643
"141","コマツ","6301","A","","SP","General",0.00010919760813893,259071.608638233,0.00206809602601476,13679.2487602788,5.55546549516106,2.80690787274816,354129,0.000363997851714855,77720.2389154799,120003,255532,2.7523e+12,22935259.9518345,7.71734708702601,354129,0.19975507892528,6.93774556611305,0.19975507892528,0.19975507892528,26.724901932297,18.5625454017144,0.206526060355732,0.439772482811438,0.0620451108382343
"142","住友重機械工業","6302","A","+","NonSP","General",0.000356168005233225,84510.6791113649,0.00410826267381843,7326.69802050986,8.92096564485692,4.24717954290549,64131,0.000521791212875201,57685.9081894871,60263,95778,3.69945e+11,6138841.41181156,45.8857442348008,64131,0.121978636477758,5.48931905030383,0.121978636477758,0.121978636477758,68.2232704402516,100.396226415094,0.324957265879029,0.516465443329433,0.12266328507922
"143","月島機械","6332","A","-","NonSP","General",6.3779703588759e-05,181562.46185567,0.00157332035821838,7360.23019057171,4.12953397286712,2.01920675011796,10084,0.000221015302745377,52394.5620785403,5200,10427,52834676400,10160514.6923077,19.2715231788079,5944,0.139414635495154,6.93689460055625,0.139414635495154,0.082177766103054,67.7814569536424,69.0529801324503,0.252844500632111,0.507001847709812,0.0747448612907863
"144","新東工業","6339","BBB","+","NonSP","General",3.56718009631496e-05,227070.116486903,0.00190769933409707,4245.9521032615,1.96829697325057,1.18574186515307,8088,0.000148183629270649,54661.9086053412,3086,7389,44210551680,14326167.103046,13.7112676056338,4829,0.134627228390233,8.13059953985654,0.134627228390233,0.0803801787705778,57.9577464788732,52.0352112676056,0.12257218890257,0.293482146403463,0.0302589068160982
"145","ダイキン工業","6367","AA","","NonSP","General",0.000813823365561627,278500.236772615,0.00579465722024791,39113.6164548321,14.3209806872712,7.36320640856978,374691,0.00127831162794822,177304.183928757,314922,418690,6.64343e+12,21095477.6103289,27.1349107041292,269720,0.24312160849538,3.68092622226468,0.24312160849538,0.175010235749922,43.6221135251962,47.6271186440678,0.364435690678319,0.484518640584352,0.199249245354286
"146","トーヨーカネツ","6369","BBB","","NonSP","General",0.000310198117058816,76531.7347026279,0.00391330155697574,6066.48878302818,7.92676241640171,4.92138043700225,1482,0.000158960445878688,149345.328448043,3755,5578,22132977676,5894268.35579228,49.0169491525424,1482,0.0665170556552962,3.99426317676587,0.0665170556552962,0.0665170556552962,26.1186440677966,94.5423728813559,0.406077646804369,0.603222666810858,0.105646681484399
"147","椿本チエイン","6371","A","","J1","General",0.000317621670663865,104369.452911424,0.00489778415325691,6768.36687013984,6.5444504846844,3.95630783647651,27890,0.000728552380525965,45501.1896002151,16289,28971,1.26903e+11,7790717.66222604,37.996875,27890,0.232730853318647,4.1364813088951,0.232730853318647,0.232730853318647,88.15625,90.534375,0.341961624050048,0.60820002519209,0.0896110290497292
"148","日本精工","6471","A","+","NonSP","General",1.06826423608938e-05,841552.089482085,0.0010401980376503,8642.58504112112,1.06227733934611,0.504411998992718,53842,9.76693547283483e-05,92045.2482255488,18508,73035,4.9559e+11,26777069.3754052,2.1500547645126,20045,0.0906324170552292,8.13404532073663,0.0906324170552292,0.0337418149376336,20.6575392479007,26.6648411829135,0.146609632446134,0.578540874524715,0.033652561125728
"149","ミネベアミツミ","6479","A","+","J1","General",0.000115966399092353,253090.552347205,0.00106302649575242,27609.8480303878,10.9781642546344,5.07048223176159,93763,0.000219544036143847,133686.163903672,60229,108857,1.25348e+12,20811901.243587,30.685873605948,49568,0.179357005813231,4.80238294275977,0.179357005813231,0.0948174446652754,59.0935563816605,67.4454770755886,0.359378729294954,0.649535777364075,0.140676932850933
"150","日本トムソン","6480","BBB","+","NonSP","General",1.70064730037547e-06,3874995.126,0.000808487726598498,8151.02045856121,0.210874369485635,0.123828581617895,5658,7.69780994041952e-05,85608.7647136797,804,4762,48437439075,60245570.988806,1.06837606837607,2708,0.136268394306496,8.71923561528769,0.136268394306496,0.0652200091519954,49.3589743589744,40.7008547008547,0.0690425075139545,0.40893087161872,0.0137595837897043
"151","日立製作所","6501","AA","","NonSP","General",0.000535520886839527,116858.187118204,0.00460449432870409,13591.0689714353,14.7074090441588,4.37455859783294,793128,0.000819148348030433,76396.4184881381,730254,1330926,6.05921e+12,8297400.63046556,22.7636315743261,538378,0.107257424011318,5.55599710276905,0.107257424011318,0.0728067063883328,35.819913952059,58.4303275089999,0.332643376367577,0.606259901808677,0.167394023429992
"152","日立製作所","6501","A","","SP","General",0.000535520886839527,116858.187118204,0.00460449432870409,13591.0689714353,14.7074090441588,4.37455859783294,793128,0.000819148348030433,76396.4184881381,730254,1330926,6.05921e+12,8297400.63046556,22.7636315743261,538378,0.107257424011318,5.55599710276905,0.107257424011318,0.0728067063883328,35.819913952059,58.4303275089999,0.332643376367577,0.606259901808677,0.167394023429992
"153","東芝","6502","BBB","+","J2","General",0.000250353249113201,187734.731490336,0.00286533127508658,16402.9899120756,9.78769190079465,3.2560083367708,145145,0.000318803329875467,147426.31458197,118530,203741,2.13982e+12,18052982.3673332,25.0562761046384,27684,0.0660919828095729,10.7789104794813,0.0660919828095729,0.0126059488931773,32.9070125302264,44.7880852934711,0.143924114726449,0.247390897312761,0.099565048661126
"154","東芝","6502","BB","+","SP","General",0.000250353249113201,187734.731490336,0.00286533127508658,16402.9899120756,9.78769190079465,3.2560083367708,145145,0.000318803329875467,147426.31458197,118530,203741,2.13982e+12,18052982.3673332,25.0562761046384,27684,0.0660919828095729,10.7789104794813,0.0660919828095729,0.0126059488931773,32.9070125302264,44.7880852934711,0.143924114726449,0.247390897312761,0.099565048661126
"155","富士電機","6504","A","","NonSP","General",0.000423879942764553,112295.947974211,0.00308950633840973,15406.9921813144,15.1761283654319,6.0158638416962,26931,0.00018038541714481,263879.424143181,75099,112256,7.10654e+11,9462895.64441604,43.9167244968772,6353,0.0455918252643483,5.26206171607754,0.0455918252643483,0.0107550728121646,19.6891047883414,77.9014573213046,0.3394059638625,0.507335062775121,0.1731876170358
"156","明電舎","6508","A","-","J1","General",0.000248267312488221,95340.7831372202,0.00219067404037205,10804.8936372022,11.7087066866939,4.05039794452069,14601,0.000320706983070027,73805.6894596261,15534,25628,1.07764e+11,6937298.82837646,23.353305785124,14601,0.0814233613276675,6.99711253316685,0.0814233613276675,0.0814233613276675,31.1673553719008,52.9504132231405,0.268285521839001,0.442617571371824,0.163642397012425
"157","日本電産","6594","AA","","NonSP","General",0.000205635072822323,595229.200544786,0.00186818382799131,65518.1776900434,11.1871312909765,5.43498929774692,219156,0.000367535986196441,333028.613787439,156097,252899,7.29852e+12,46756311.7804955,21.9940807174888,130245,0.19188896224317,4.51602418356735,0.19188896224317,0.114040126153798,40.3104932735426,45.3630493273543,0.425845295969533,0.68992901532636,0.149977757515606
"158","オムロン","6645","A","","SP","General",0.000209978554036485,443854.851880758,0.00295453648903329,31544.7111064432,7.13626581506712,5.2789015808547,93831,0.000454949493241219,204857.904854472,43308,68040,1.9222e+12,44384409.3470029,43307,93831,0.444652427957407,3.10142563198119,0.444652427957407,0.444652427957407,93832,68040,0.145157884505163,0.228053534259982,0.0758494045695641
"159","IDEC","6652","BBB","+","NonSP","General",0.000127947807166913,170381.974358974,0.00129756714061934,16800.6720558558,9.89456043572376,4.81688800253819,7443,0.000224021531108759,97312.0748354158,5837,8818,72429377300,12408664.9477471,25.6084337349398,4303,0.164887018165707,5.11907462009526,0.164887018165707,0.0953256535223748,45.8373493975904,53.1204819277108,0.256199798095071,0.387042970636001,0.135903793990617
"160","ジーエス・ユアサコーポレーション","6674","A","-","J1","General",0.000300393126069048,93044.7389584256,0.00283588423479763,9855.83249733555,12.2855334592526,5.75277891612431,35817,0.00043301728966938,64547.076217997,32750,53541,2.31188e+11,7059175.57251908,30.3753056234719,16798,0.181497096411306,3.68581087390971,0.181497096411306,0.085121261566215,44.7860635696821,65.4535452322738,0.339146283370959,0.554449806350061,0.148901538573455
"161","NEC","6701","BBB","","SP","General",0.000578453653099324,95772.5821302532,0.00572412235369163,9678.33959109401,12.0651973663591,4.30225559646772,274907,0.00100753944670297,54985.4402041418,190822,362470,1.51159e+12,7921466.07833478,18.5095578749853,215600,0.130489410643374,5.81217204182415,0.130489410643374,0.102338306899102,33.2395918846019,42.5085024041281,0.221581243475545,0.420897765051098,0.142598741793391
"162","NEC","6701","A","+","NonSP","General",0.000578453653099324,95772.5821302532,0.00572412235369163,9678.33959109401,12.0651973663591,4.30225559646772,274907,0.00100753944670297,54985.4402041418,190822,362470,1.51159e+12,7921466.07833478,18.5095578749853,215600,0.130489410643374,5.81217204182415,0.130489410643374,0.102338306899102,33.2395918846019,42.5085024041281,0.221581243475545,0.420897765051098,0.142598741793391
"163","富士通","6702","A","-","SP","General",0.00140991513306542,131674.592070206,0.00747290527458693,24843.0821987452,20.1260017143184,9.14846878226673,307947,0.00148765357962721,124793.838123606,378691,554519,3.84299e+12,10148089.0752619,95.7843780767969,307947,0.187395370659423,2.96347104427441,0.187395370659423,0.187395370659423,102.065638332786,181.988513291762,0.350559316008916,0.513325643741067,0.261586549420793
"164","サンケン電気","6707","BBB","","NonSP","General",0.000286755231280824,180293.136306795,0.00451230095075078,11457.5691125828,8.61132382502154,3.07994505141801,7629,0.000303967717026734,170083.851356665,9438,22139,1.29757e+11,13748357.7029032,8.07744107744108,-2546,0.0633522113899454,5.43936040471566,0.0633522113899454,-0.0211423161880719,9.56228956228956,24.8473625140292,0.241165197393637,0.565708445125846,0.102018094754251
"165","ルネサスエレクトロニクス","6723","BBB","-","SP","General",3.37518049615598e-05,349907.212768339,0.000320698558854961,36825.8592809617,10.5749787984777,4.05323853236668,223889,0.000115871225788743,101923.492390872,82689,226286,2.28195e+12,27596778.2897362,8.64818989523936,201628,0.226305032527261,4.37200710605163,0.226305032527261,0.203803809469901,30.6895637183397,30.0074260708129,0.246326212655166,0.674094176454993,0.132933568583635
"166","パナソニックホールディングス","6752","A","-","SP","General",7.4940513354302e-05,174271.557738806,0.00112822039382694,11575.752460652,7.08911294146492,2.68573155273794,504038,0.000205405649287501,63581.5034557315,259439,621291,3.20475e+12,12352614.6801368,9194.7,272920,0.123582009483223,6.56467098348439,0.123582009483223,0.0669155937214284,25202.9,31064.55,0.131371430047128,0.31460145600858,0.105369417813852
"167","シャープ","6753","BB","+","NonSP","General",0.000108573722847128,153996.745819813,0.00059504420191792,28098.7529096307,18.9645182375289,3.44754585087582,204642,0.000334408112201349,49998.7870806579,77773,156132,1.02319e+12,13156108.1609299,12.0562511340954,168986,0.130921695337496,10.0113173468603,0.130921695337496,0.108110425075508,38.1333696243876,28.3309744148068,0.184595410570688,0.370581701145933,0.244916532566628
"168","シャープ","6753","BB","-","SP","General",0.000108573722847128,153996.745819813,0.00059504420191792,28098.7529096307,18.9645182375289,3.44754585087582,204642,0.000334408112201349,49998.7870806579,77773,156132,1.02319e+12,13156108.1609299,12.0562511340954,168986,0.130921695337496,10.0113173468603,0.130921695337496,0.108110425075508,38.1333696243876,28.3309744148068,0.184595410570688,0.370581701145933,0.244916532566628
"169","ソニーグループ","6758","AA","-","NonSP","General",0.000929200143288166,122417.114140203,0.00445774303680139,25517.39727053,21.0152409350413,4.4461510675079,1350150,0.00107064795102521,106244.073872348,1183961,1847698,1.43445e+13,12115686.2430435,96.165449322938,1350150,0.0651453774719019,11.2167599899984,0.0651453774719019,0.0651453774719019,111.80426754206,151.637094788675,0.301510607716685,0.470539609714258,0.227444001355872
"170","ソニーグループ","6758","A","","SP","General",0.000929200143288166,122417.114140203,0.00445774303680139,25517.39727053,21.0152409350413,4.4461510675079,1350150,0.00107064795102521,106244.073872348,1183961,1847698,1.43445e+13,12115686.2430435,96.165449322938,1350150,0.0651453774719019,11.2167599899984,0.0651453774719019,0.0651453774719019,111.80426754206,151.637094788675,0.301510607716685,0.470539609714258,0.227444001355872
"171","TDK","6762","A","-","SP","General",0.000612235485275216,203189.790516763,0.00776519702704807,16020.198787833,7.90602847126865,3.30386065320165,222814,0.00171936775165253,72352.1770606874,82866,231065,1.61211e+12,19454420.3895446,22.5014180374362,222814,0.159707727418689,6.0378508211975,0.159707727418689,0.159707727418689,64.1917186613727,65.5317640385706,0.190795684268209,0.532018014450242,0.0893500914623791
"172","タムラ製作所","6768","BBB","","NonSP","General",2.74007446985992e-05,313860.082804233,0.00058163758907613,14785.8394325239,4.73614968571846,2.49055609241852,5049,6.09992768885483e-05,140985.277837195,3462,6953,71183466780,20561371.1091854,6.55491329479769,1285,0.117634724260851,6.17301884078815,0.117634724260851,0.0299387246336292,15.5924855491329,20.0953757225434,0.163147973609802,0.327662582469369,0.0730325819823431
"173","横河電機","6841","A","+","NonSP","General",0.00011735340159392,142646.056889989,0.00117178436174718,14285.9049382089,10.2243426536457,6.07304062371769,32842,0.000122259878668555,136921.451111382,40368,57842,4.49677e+11,11139442.1323821,55.6961130742049,24153,0.160745925309579,3.53220842986065,0.160745925309579,0.118217414712936,59.0247349823322,102.194346289753,0.245892951775305,0.352332048072413,0.133174540859921
"174","デンソー","6902","A","+","SP","General",0.000245896619750026,304274.211154511,0.00517386017237136,14461.1561788125,4.97950147673664,2.86291440321386,437235,0.000554905516489565,134833.76498638,260459,596072,5.8954e+12,22634656.5102377,42.9607538802661,41687,0.16248248306278,4.51449992618341,0.16248248306278,0.0154914571601956,97.9478935698448,132.166740576497,0.393748318180581,0.901110529928071,0.0682223996953214
"175","カシオ計算機","6952","BBB","","SP","General",6.91372743746862e-05,257024.885067009,0.000818061355462594,21722.0870798273,8.45135562424786,5.39352102834701,24587,9.49228370030383e-05,187204.687102127,22770,34007,4.6028e+11,20214317.0838823,76.8583690987124,20967,0.204664829813623,3.5325962301879,0.204664829813623,0.174531560853388,106.523605150215,145.952789699571,0.231965852018622,0.346441050926539,0.109884806748481
"176","ローム","6963","AA","-","NonSP","General",0.000393320388349515,270008.886255924,0.00747077669902913,14215.3894137676,5.26833226697461,4.37381240283296,45975,0.000446359223300971,237924.959216966,51826,92800,1.09386e+12,21106394.4738162,426.442105263158,13598,0.293301435406699,1.68911637931034,0.293301435406699,0.0867496012759171,484.947368421053,976.842105263158,0.440566158031198,0.788880860288179,0.0698007837200642
"177","日東電工","6988","AA","","NonSP","General",0.000623136882820378,129987.491084441,0.00478561380198248,16925.7285170912,13.0359228237608,9.66144563469755,116309,0.00077664410312854,104294.875443861,118649,172610,1.21304e+12,10223769.2690204,121.352405721717,116309,0.466703315223061,1.44379815769654,0.466703315223061,0.466703315223061,152.247074122237,224.46033810143,0.487366963922629,0.709019137478486,0.168668481544399
"178","日本ケミコン","6997","BBB","","NonSP","General",0.000111051860480468,227461.295026596,0.00255498039289814,9886.57293426325,4.37149999031139,1.61780735471287,2067,0.000101748313658301,248259.64275762,3511,9560,51315268158,14615570.5377385,3.10316368638239,-1146,0.0236112538980844,9.15721757322176,0.0236112538980844,-0.0130907097083719,3.84319119669876,13.1499312242091,0.166028278242777,0.452073580176857,0.0765883186998964
"179","三井E&Sホールディングス","7003","BB","+","J3","General",0.000116295417653681,43767.8465987169,0.00115406113911482,4410.51156432154,14.3151283532566,1.26087971932901,7478,8.99893556720015e-05,56562.2451898903,12868,27994,42297246953,3287010.17663973,3.46877243359655,7478,0.0111520726331299,23.9532757019361,0.0111520726331299,0.0111520726331299,3.68413496051687,10.0480976310122,0.41688534681051,0.906923251368776,0.127876932861629
"180","日立造船","7004","BBB","+","NonSP","General",4.03490076361907e-05,195296.005072801,0.00075297193676582,10465.1974598766,5.43651202001092,1.59967950509624,22680,0.000133243374081072,59139.9013597884,11245,26410,1.34129e+11,11927879.0573588,9.30623306233062,12169,0.0753065554555748,11.4035971223022,0.0753065554555748,0.0404058850678523,31.7317073170732,35.7859078590786,0.154432465838083,0.362699993133283,0.0908074147948657
"181","三菱重工業","7011","BBB","+","SP","General",0.00014629565022675,214907.278181339,0.00426656865525035,7368.91927458159,3.61219958107121,1.02593641252143,-94948,-0.000281440166097243,-111711.133616717,148883,387141,1.06067e+12,7124184.76253165,4.73383848072127,-94948,-0.0281633073169487,8.70829232760157,-0.0281633073169487,-0.0281633073169487,-8.1068482639555,37.1322654901209,0.25516296989453,0.663501187697307,0.109093133968329
"182","三菱重工業","7011","AA","-","J1","General",0.00014629565022675,214907.278181339,0.00426656865525035,7368.91927458159,3.61219958107121,1.02593641252143,94948,0.000281440166097243,111711.133616717,148883,387141,1.06067e+12,7124184.76253165,4.73383848072127,94948,0.0281633073169487,8.70829232760157,0.0281633073169487,0.0281633073169487,10.1068482639555,37.1322654901209,0.25516296989453,0.663501187697307,0.109093133968329
"183","川崎重工業","7012","A","","NonSP","General",8.79097033279736e-05,259129.528796296,0.00288947487909603,7883.78544655378,3.15644925247081,0.748137297048403,34601,0.000207091751419609,109999.552584029,29554,106017,3.80609e+11,12878425.9321919,3.8754617414248,34601,0.023371158392435,13.9647415037211,0.023371158392435,0.023371158392435,10.1295514511873,27.9728232189974,0.154601856017409,0.554592439920068,0.0619361923513392
"184","IHI","7013","A","-","J1","General",0.000178542851131181,140918.551712351,0.00211874254888904,11874.9680149637,9.18212980726072,1.50674535474286,36380,0.000235195311733801,106974.921457944,48731,128916,3.89175e+11,7986189.48923683,5.83498837946334,36380,0.0241701236542995,11.6755406621366,0.0241701236542995,0.0241701236542995,8.68645679273188,27.2376927952673,0.270766888550568,0.716303466056208,0.153782068173319
"185","名村造船所","7014","BB","+","NonSP","General",0.000273822329178376,7523.12642355055,0.000584055893503563,3527.05969225432,47.2127956881924,16.9600760115452,26636,0.000385472837587613,5344.08601366572,19485,31924,14234507506,730536.695201437,71.6704545454545,22857,0.374080107859109,2.23042225285052,0.374080107859109,0.321007246783889,101.893939393939,120.924242424242,0.198012255723911,0.324421003424692,0.404227952617057
"186","じもとホールディングス","7161","BBB","","NonSP","Bank",5.26642339383624e-05,120954.954124186,0.00235010863789722,2710.51299385871,2.2451508527959,0.0979379721171457,96884,0.00195566180179544,3257.2093979398,3801,5499,31557147531,8302327.68508287,4.97900763358779,95654,0.0380309212225604,463.267139479905,0.0380309212225604,0.0375480960594401,185.893129770992,10.4942748091603,0.0862119803125496,0.124724988092268,0.212643356643357
"187","東京きらぼしフィナンシャルグループ","7173","A","-","NonSP","Bank",0.000242484195039448,63055.6560501296,0.0093077523834873,1642.71666993695,2.60543670580666,0.136762499482856,232544,0.00696237123734454,2196.0908832307,12537,17357,51068775835,4073444.6705751,4.69779582366589,230202,0.0414438257264886,323.273895258397,0.0414438257264886,0.0410264361578417,135.886310904872,10.0678654292343,0.134298140371926,0.185930671008655,0.455890909090909
"188","かんぽ生命保険","7181","AA","","NonSP","Insc",0.000415103092783505,46687.1973177698,0.00505061322431568,3837.15781416342,8.21886520205175,0.332801875228845,2806302,0.00498809456096694,3885.25112407717,324484,383871,1.09032e+12,3360165.67843099,101.010813148789,2802464,0.0416788835823752,175.401387445262,0.0416788835823752,0.0416218820354323,1214.79844290657,166.034169550173,0.0478150889758166,0.0565661974711718,0.648968
"189","かんぽ生命保険","7181","A","","SP","Insc",0.000415103092783505,46687.1973177698,0.00505061322431568,3837.15781416342,8.21886520205175,0.332801875228845,-2806302,-0.00498809456096694,-3885.25112407717,324484,383871,1.09032e+12,3360165.67843099,101.010813148789,-2810140,-0.0416788835823752,175.401387445262,-0.0416788835823752,-0.0417358851293182,-1212.79844290657,166.034169550173,0.0478150889758166,0.0565661974711718,0.648968
"190","ゆうちょ銀行","7182","A","","SP","Bank",8.72564444444444e-05,106582.385509889,0.00253218377777778,3672.71920846188,3.45339455596122,0.175393228035724,9431212,0.00209582488888889,4437.39362448856,923465,959504,4.185e+12,4531844.73694184,0.913524869539322,9408148,0.0443872194301088,221.443418682986,0.0443872194301088,0.0442786706212244,22.9420831365469,2.23232353782836,0.474367759645929,0.492880361303685,0.263847142857143
"191","富山第一銀行","7184","A","","NonSP","Bank",5.15527479694606e-05,52567.5178674352,0.00174557307490599,1552.49874036121,3.10851122916088,0.242891231626538,21101,0.00031349122043331,8644.58020946875,4932,6110,18240928700,3698485.1378751,5.80267558528428,20885,0.0160937634664476,214.587397708674,0.0160937634664476,0.0159290199515074,36.2859531772575,10.2173913043478,0.167328244274809,0.207294317217981,0.484384207424867
"192","コンコルディア・フィナンシャルグループ","7186","AA","","NonSP","Bank",3.00219226999106e-05,130571.250855019,0.000958237108069493,4090.84554019976,3.14918909356426,0.168301108409828,2039109,0.00168574894051196,2325.37592389617,66951,82336,4.74169e+11,7082328.86738062,4.79216152019002,2029013,0.0998667469737194,247.987490283716,0.0998667469737194,0.099372288522775,270.082739509105,10.8651359197677,0.229497238875806,0.282234539589825,0.44610802382761
"193","西日本フィナンシャルホールディングス","7189","A","","NonSP","Bank",0.000162271266391016,37961.1260637887,0.00345185783776388,1784.54626161269,4.77125676133768,0.214466119893169,243056,0.0015229363241924,4044.81783128168,38933,45480,98311724280,2525151.52390003,7.80530440024111,239355,0.0210900798808815,253.400615655233,0.0210900798808815,0.0207689424243318,74.2537673297167,13.7070524412297,0.288501582079156,0.337016206122313,0.77866
"194","アルヒ","7198","A","-","J1","General",0.000214658292822181,64427.9790832795,0.00083404932290483,16581.7531651879,25.7368823314392,4.70071982617351,4750,0.000131649695404178,105051.515368421,11164,12861,49899469800,4469676.62128269,10.954738330976,4750,0.0352719280007129,10.4710364668377,0.0352719280007129,0.0352719280007129,7.71852899575672,18.1909476661952,0.416241005182506,0.479512322433914,0.393604456431682
"195","日産自動車","7201","A","","NonSP","General",8.03972765267271e-05,78485.2456774741,0.00102822054671763,6136.81570568037,8.60250981533456,2.06256137526298,1322789,0.000313404000246108,20133.7570517445,569220,1287035,2.66327e+12,4678806.08552054,1.87072197230308,1322789,0.109210912397556,9.41096551375837,0.109210912397556,0.109210912397556,8.29243296286496,7.09532393931375,0.541688673185354,1.2247852877501,0.129890711486059
"196","日産自動車","7201","BBB","-","SP","General",-8.03972765267271e-05,-78485.2456774741,0.00102822054671763,6136.81570568037,-8.60250981533456,-2.06256137526298,1322789,0.000313404000246108,20133.7570517445,-109448,608367,2.66327e+12,-24333656.165485,-1.87072197230308,1322789,0.109210912397556,19.9094329574089,0.109210912397556,0.109210912397556,8.29243296286496,3.35387999470759,-0.104154354911617,0.57894225965313,-0.0249750159704968
"197","いすゞ自動車","7202","A","+","J1","General",0.000111685492028603,129828.859027514,0.00154997143587814,9355.01110817892,8.49779258413968,3.86771315429605,222918,0.000286732618273066,50569.7610803076,120352,216546,1.12729e+12,9366607.95001329,30.3704092339979,222918,0.214353299562674,4.80247153029841,0.214353299562674,0.214353299562674,78.9706190975866,75.7418677859391,0.397151512351586,0.714583649575301,0.102935604521736
"198","トヨタ自動車","7203","AAA","","NonSP","General",0.000699472802414278,140177.001395299,0.00744356349017997,13172.4543129583,9.75185719253613,3.66546142957586,2727162,0.000835784277090704,117314.961153976,3134916,4779206,3.19937e+13,10205600.4052421,53.8030220881167,-762336,0.0718074612709703,7.94667796282479,0.0718074612709703,-0.0200726663085898,65.2880177270691,112.661323401146,0.648732072476178,0.988997540339386,0.137413924690461
"199","トヨタ自動車","7203","A","+","SP","General",0.000699472802414278,140177.001395299,0.00744356349017997,13172.4543129583,9.75185719253613,3.66546142957586,2727162,0.000835784277090704,117314.961153976,3134916,4779206,3.19937e+13,10205600.4052421,53.8030220881167,-762336,0.0718074612709703,7.94667796282479,0.0718074612709703,-0.0200726663085898,65.2880177270691,112.661323401146,0.648732072476178,0.988997540339386,0.137413924690461
"200","三菱自動車工業","7211","BB","","SP","General",-0.000200156011226478,-15288.0744437777,0.000352450626917918,8682.06712173799,-58.7291742960311,-16.0691900301625,-41537,-2.78718968460594e-05,-109788.00678335,-278818,-105154,4.56026e+11,-1635568.72224892,-55.4956279069767,-121009,-0.0312067298409424,-12.6578827243852,-0.0312067298409424,-0.0909140085062136,-6.72781395348837,-19.5635348837209,-1.7821084791696,-0.672108095670293,-0.424505219950457
"201","フタバ産業","7241","BBB","+","NonSP","General",8.86573641477992e-05,63954.0782032234,0.000973601192585552,5823.73978501651,10.2289997681667,2.73678987160313,22792,0.00025442944392554,22285.1565939803,10952,34744,50792328909,4637721.77766618,9.7807881773399,-1862,0.112288031215206,5.84210223347916,0.112288031215206,-0.00917340795554198,29.0689655172414,42.7881773399015,0.372935607995369,1.18309667313651,0.133802472755705
"202","太平洋工業","7250","A","-","NonSP","General",0.000167224200272647,79234.9431385936,0.00183498101280357,7220.78316208625,9.17781855614734,4.54615995140358,26988,0.000440168410900049,30102.1147176523,11277,25842,81239587200,7204007.02314445,28.0904109589041,8567,0.238783256505313,4.37361659314295,0.238783256505313,0.0757987312316962,74.9397260273973,70.8,0.53377195058456,1.22317413735978,0.106926468496658
"203","アイシン","7259","A","","SP","General",0.000568501596917229,77660.2919664762,0.00596796872580488,7397.82697069104,10.9099114822939,4.15988863458422,343314,0.00116506125871696,37895.0030907566,219948,473407,1.30099e+12,5914988.99739939,15.5806361607143,143001,0.151340052034522,4.79184718434666,0.151340052034522,0.0630378568336526,32.9302455357143,44.0296688988095,0.543709768324879,1.1702584715177,0.123764315038894
"204","マツダ","7261","A","-","NonSP","General",3.48525820221211e-06,3075812.28650318,0.00189272312259369,5663.79724114632,0.186336980528547,0.0754778032874319,120058,0.000190024127720791,56413.8887444402,34686,125806,6.77294e+11,19526437.1792654,0.274085138162808,48282,0.069736939934386,13.6844347646376,0.069736939934386,0.0280451026496529,15.9437391087877,15.6591984067712,0.0565246299157166,0.205014633891963,0.0288848287612484
"205","ホンダ","7267","A","-","SP","General",0.000504603430564463,69222.676431126,0.00517428060903295,6750.69688702644,10.0641070670819,4.16975388473991,1072379,0.000592007380606254,59002.6427782528,1134202,1758441,6.32732e+12,5578653.53790595,65.8681991784968,753969,0.0854608445153568,7.13597499148393,0.0854608445153568,0.0600858721388605,78.2774374864884,126.716221085249,0.4153323348579,0.643921811317438,0.128456975313585
"206","エクセディ","7278","A","+","NonSP","General",0.000186567256322914,88600.7562409001,0.0044600398701594,3706.2448949384,4.44570851334056,2.89888438036586,30105,0.000619524294242369,26681.762367713,14393,38046,80325445608,5580868.86736608,11.0695970695971,13440,0.31355782149962,2.52355043894233,0.31355782149962,0.13998396017123,37.7582417582418,46.4542124542125,0.356871885150381,0.943343829808336,0.0676618739701814
"207","愛三工業","7283","A","-","NonSP","General",7.96752978611759e-05,119610.472201871,0.00139226357140533,6844.9682917298,5.96506228698327,2.64482566160132,17761,0.000281726650470306,33827.1156956252,6784,17795,60080340187,8856182.22096108,19.0265151515152,17761,0.173881970551378,5.74003933689239,0.173881970551378,0.173881970551378,68.2765151515152,67.405303030303,0.331541393803147,0.869660834718014,0.0795581147166094
"208","ヨロズ","7294","BBB","","NonSP","General",0.000170899673031648,71269.884745446,0.00262368115501039,4642.33238735587,8.02128018282974,3.17837340320509,13218,0.000527545978078545,23088.0349886518,5966,21185,30517764648,5115280.69862555,7.48601398601399,6964,0.191609648614171,3.25626622610338,0.191609648614171,0.100950945146701,24.1083916083916,37.0367132867133,0.487537795211245,1.7312249734412,0.0850536040145985
"209","三十三フィナンシャルグループ","7322","A","-","NonSP","Bank",0.000178809082118318,79693.9385359116,0.00785347270782316,1814.48392706643,2.28047776639172,0.125902971240562,269310,0.00886833773577978,1606.84002172218,10749,15799,43273808625,4025845.06698298,5.302734375,265927,0.0660988220463907,257.886828280271,0.0660988220463907,0.0652685063693533,263.998046875,15.4287109375,0.140979736376156,0.207213587776248,1.0749
"210","第四北越フィナンシャルグループ","7327","A","+","NonSP","Bank",0.000385717268915393,62688.4040426612,0.00987844105360345,2447.75464759995,4.0768483967295,0.182567761321164,903597,0.0196677934112151,1229.42108931305,26289,33051,1.1109e+11,4225721.7847769,5.10691642651297,898845,0.0976577938927362,279.951801760915,0.0976577938927362,0.0971442133512136,261.402593659942,9.52478386167147,0.18366961965179,0.230912723919179,0.8763
"211","ひろぎんホールディングス","7337","AA","-","NonSP","Bank",9.90297044967255e-05,59477.1036623133,0.00165469947825265,3559.55874611128,5.98761596723399,0.280973683627302,1486338,0.00475824700724944,1237.85082847239,44531,49679,1.83986e+11,4131638.63376075,6.45264914476429,1466361,0.141654605096062,211.209786831458,0.141654605096062,0.139750708374048,311.041301627034,10.3627450980392,0.385623235594659,0.430203155579418,0.777338465432519
"212","ノジマ","7419","A","-","J1","General",0.0012440334901318,22820.9290386484,0.00281335699608279,10091.1473515551,44.9239954657786,18.7563752450887,41702,0.000813069062556444,34917.0830713155,74183,87025,1.45611e+11,1962862.11126538,101.926517571885,37668,0.212888042595986,2.25092789428325,0.212888042595986,0.192294537156626,67.6166134185303,139.017571884984,0.467106174518619,0.547968063268981,0.632518203986972
"213","ハリマ共和物産","7444","BBB","","NonSP","General",0.000317371757552235,56810.3480254777,0.0037009553128804,4871.71513183376,8.58349900596422,6.07350096711799,1402,0.000257646325470894,69979.6512410842,2278,2878,9811147104,4306912.68832309,1727,1235,0.169017480409885,2.88220986796386,0.169017480409885,0.148884870403858,1403,2878,0.343797162692424,0.434349532146091,0.118399168399168
"214","第一興商","7458","A","","NonSP","General",0.000339897175805986,112534.033003655,0.00193718004465216,19745.196170895,17.8440230579614,9.95958135924409,7755,0.000141684723628006,269965.589941973,20818,48481,2.09358e+11,10056585.6470362,89.8743961352657,1958,0.096019315297468,1.66591035663456,0.096019315297468,0.0242431746424813,38.463768115942,234.207729468599,0.793308436856947,1.84745827299748,0.171882675913885
"215","岡谷鋼機","7485","A","","NonSP","General",0.00189187242798354,50214.8023274784,0.0249013374485597,3815.05612685454,7.93333735989715,3.69836289771128,24135,0.00248302469135802,38259.7886886265,25244,28739,9.234e+10,3657898.90667089,14.2550387596899,17420,0.0945806669044083,8.87918855910087,0.0945806669044083,0.0682658055717751,19.7093023255814,22.2782945736434,0.473407846373115,0.538950566349111,0.109401679769097
"216","コーナン商事","7516","BBB","+","NonSP","General",0.000773799451031141,57443.8246767522,0.00384310494576844,11566.1686649861,20.1347468245215,6.7925435654716,35122,0.00101268339676997,43893.2840626958,34605,49967,1.54162e+11,4454905.36049704,12.1820245120291,20696,0.134151744790075,5.23961814797766,0.134151744790075,0.0790502964004156,16.942805265547,22.6813436223332,0.196866519891455,0.284260349643587,0.268915595239483
"217","ゼンショーホールディングス","7550","BBB","+","J2","General",3.51084903688151e-05,790122.266967077,0.000551649500130196,50285.5526805572,6.37225601537686,1.37290005883497,29686,0.000191692228267178,144711.135400525,12536,39571,4.29589e+11,34268426.9304403,2.44359550561798,9400,0.0955787657119308,7.84898031386621,0.0955787657119308,0.0302647846692767,14.3420224719101,17.7847191011236,0.0368080146104563,0.116187774900317,0.145578697386528
"218","島津製作所","7701","AA","-","J1","General",0.000168260755243046,261498.885681595,0.0011331906061598,38828.4192975345,14.8484071724927,10.0142926351719,63801,0.000215492792525876,204183.163085218,60068,75752,1.30271e+12,21687254.4449624,276.761111111111,63801,0.393945194314435,2.13795015313127,0.393945194314435,0.393945194314435,355.45,420.844444444444,0.384577955337021,0.48499282933825,0.18821863166421
"219","ニコン","7731","A","+","J1","General",0.000119845686269341,84525.3618660403,0.00142393337702653,7114.09688362915,8.43438712017634,4.58121703038282,4966,1.31258805966554e-05,771757.744206605,52409,106490,3.83255e+11,7312770.70732126,36.3900481540931,-11999,0.0110108179179665,4.23524274579773,0.0110108179179665,-0.0266046726133066,4.98555377207063,85.4654895666132,0.336157684758765,0.683039780380486,0.097010049181572
"220","オリンパス","7733","BBB","+","SP","General",1.8728627826625e-05,1199233.6121961,0.000304380608731555,73789.1946980378,6.17103614775592,2.06042758063601,124122,9.5530317378826e-05,235108.60862039,54788,115567,2.91822e+12,53263853.3985544,6.09569138276553,85462,0.158009107145812,6.79724315764881,0.158009107145812,0.10879436614698,32.0926853707415,28.9496492985972,0.119226165865123,0.251489565425544,0.142781566719396
"221","SCREENホールディングス","7735","A","-","NonSP","General",0.000406989950519803,242020.717892904,0.00410569052392027,23991.092223373,9.92077012779476,5.40284137238914,57205,0.00112619649395275,87462.5347609475,21856,33527,5.00329e+11,22892066.2518302,41.5120481927711,51815,0.328607618205109,5.19232260566111,0.328607618205109,0.297645376056249,115.869477911647,67.3232931726908,0.248329773212744,0.380936690451302,0.114223000339701
"222","リコー","7752","BBB","+","SP","General",-4.38494702458026e-05,-271611.03505327,0.00124021616414172,9603.16462916138,-3.54948568100269,-1.73020571353506,126962,0.000170438906482598,69878.4112488776,-11330,121954,8.8719e+11,-78304501.3239188,-10.7341439369044,84807,0.131701133591144,7.90475097167785,0.131701133591144,0.0879726062637965,42.7226421294775,40.0768977982254,-0.0197970669588176,0.213091924439156,-0.0117264780873731
"223","タカラトミー","7867","BBB","","NonSP","General",7.74943829034638e-05,123879.946395068,0.00072621645774235,13219.1991762956,10.7312864025311,5.05507607679488,18064,0.000187598302434759,51173.1709477414,10018,16275,92439216000,9227312.4376123,29.2627450980392,13824,0.232525809026079,4.77333333333333,0.232525809026079,0.177947120459285,71.8392156862745,63.8235294117647,0.181301578109165,0.2945381497032,0.145888246515895
"224","大建工業","7905","BBB","+","J2","General",0.00040509536857087,54653.7969024613,0.00283496595629483,7809.6175902359,16.1221580471173,6.35746698115941,12254,0.000452510359750906,48927.0566362004,15070,20633,59955215202,3978448.2549436,41.8702290076336,9024,0.127937691191364,4.64212669025348,0.127937691191364,0.094214927804053,47.7709923664122,78.7519083969466,0.29618128574517,0.405514828717989,0.215677014011134
"225","ヤマハ","7951","AA","-","NonSP","General",0.000193688471497942,311324.672726538,0.00207224529870725,29098.8716623546,9.370185726769,6.65368282115291,58225,0.000303959658588962,198381.588793474,47629,68238,1.15508e+12,24251611.4132146,71.9031007751938,58225,0.362395513702254,2.35450921773792,0.362395513702254,0.362395513702254,113.839147286822,132.244186046512,0.333282018627238,0.477492670160732,0.13168113309529
"226","リンテック","7966","A","+","J1","General",0.000217032405736701,109753.195238954,0.00257477278461905,9251.30176235115,8.45068276030237,5.93551748007222,28824,0.000376059035945576,63341.1186094921,21443,30975,1.82574e+11,8514386.97943385,111.644295302013,19827,0.347645696642223,2.67673930589185,0.347645696642223,0.239133056734851,194.44966442953,207.885906040268,0.368259256714982,0.531960568798516,0.110063441875744
"227","タカラスタンダード","7981","A","+","NonSP","General",0.000148247443634391,107185.659397865,0.00237106644864018,6701.6257638469,6.25235297473048,4.23774028424292,7953,0.000107564265963353,147725.639715831,15553,21730,1.17486e+11,7553912.42847039,173.984126984127,3176,0.0954260756881284,3.83534284399448,0.0954260756881284,0.0381080367641765,127.238095238095,344.920634920635,0.220719506137799,0.30838004683176,0.0909396551976167
"228","ニフコ","7988","A","+","NonSP","General",0.000252285963083596,143487.967216016,0.00166171275371166,21784.7518586726,15.3695770433837,8.83120012242492,39922,0.000371336512119725,97485.7004859476,33364,48339,3.89182e+11,11664728.4498262,50.6971962616822,39922,0.310732660320524,2.65783321955357,0.310732660320524,0.310732660320524,75.6205607476635,90.3532710280374,0.470857207372491,0.682195376668831,0.192058946277721
"229","オカムラ","7994","A","","NonSP","General",0.000178958629330545,86388.6813272616,0.0013891331911649,11129.2423925424,12.9773633041937,7.33563365421044,26921,0.0002675484678296,57783.922761413,22440,28486,1.5556e+11,6932263.81461676,110.472392638037,22178,0.254699754959933,3.71048936319596,0.254699754959933,0.209826201311296,166.159509202454,174.760736196319,0.28010435260195,0.355572753485701,0.163038147584398
"230","伊藤忠商事","8001","AA","+","J1","General",0.000278179014301807,116184.177591969,0.00244196203598557,13235.2589940882,13.2945006771139,3.94405047147936,895900,0.000565276000464951,57175.6097435874,621657,1045954,5.12236e+12,8239849.30596776,12.1730355072064,730878,0.122588459635434,6.98710650755196,0.122588459635434,0.100008045765628,25.7363189574245,28.8793969849246,0.34909900171108,0.587368110124571,0.161242166718606
"231","伊藤忠商事","8001","A","","SP","General",0.000278179014301807,116184.177591969,0.00244196203598557,13235.2589940882,13.2945006771139,3.94405047147936,895900,0.000565276000464951,57175.6097435874,621657,1045954,5.12236e+12,8239849.30596776,12.1730355072064,730878,0.122588459635434,6.98710650755196,0.122588459635434,0.100008045765628,25.7363189574245,28.8793969849246,0.34909900171108,0.587368110124571,0.161242166718606
"232","丸紅","8002","BBB","+","SP","General",0.000134064587279023,69071.1856720785,0.00109968130312969,8420.62147791914,12.8125867552108,3.35883283916692,397069,0.000228400688238173,40542.7850127308,290189,434606,1.60983e+12,5547522.47673068,10.1567960953502,272979,0.0789842991779302,11.5672333101706,0.0789842991779302,0.0543005246072905,18.3037434087245,18.9395563690243,0.429643568871425,0.643462270771581,0.165050368718414
"233","丸紅","8002","AA","-","J1","General",0.000134064587279023,69071.1856720785,0.00109968130312969,8420.62147791914,12.8125867552108,3.35883283916692,397069,0.000228400688238173,40542.7850127308,290189,434606,1.60983e+12,5547522.47673068,10.1567960953502,272979,0.0789842991779302,11.5672333101706,0.0789842991779302,0.0543005246072905,18.3037434087245,18.9395563690243,0.429643568871425,0.643462270771581,0.165050368718414
"234","スクロール","8005","BBB","","NonSP","General",0.00021237029740731,40495.30515798,0.000764143084702944,11254.4367307115,27.7919543680576,14.8407911348015,3956,0.00011344003463993,75810.9782608696,8072,9233,29990823000,3715414.14767096,255.379310344828,978,0.17011395398839,2.5186829849453,0.17011395398839,0.042055471941518,137.413793103448,318.379310344828,0.253533513411646,0.289999371819838,0.335564331739763
"235","豊田通商","8015","A","","SP","General",0.000625394506226232,82188.1220386135,0.00468291056674127,10976.0797835966,15.0664406728917,4.23536401272838,245055,0.000692135263512563,74262.9406557711,311184,416985,1.81985e+12,5848147.7196771,8.96239779810572,120728,0.0686430878759256,8.5614302672758,0.0686430878759256,0.0338174806189825,10.9188456245446,16.8778839148385,0.512130817311965,0.68625272782929,0.205367684472494
"236","兼松","8020","A","-","NonSP","General",0.000192319066882231,78515.3559904006,0.00213599489383469,7069.30528887707,11.2912190987035,2.91500372200648,36984,0.000437679427085867,34500.1365509409,24218,35817,1.27595e+11,5268601.86638038,8.93894389438944,32571,0.0981000151192431,10.5258117653628,0.0981000151192431,0.0863945379744989,21.3432343234323,19.7013201320132,0.238565729202581,0.352824705708516,0.139719499460576
"237","三井物産","8031","A","","SP","General",0.000207681821744888,120376.447923831,0.00285867657843815,8745.30549855305,7.6662757470867,2.79949935461809,772696,0.000458001184239409,54585.011699297,521812,795451,4.21776e+12,8082911.08675155,6.74484099484099,557006,0.100441988634281,9.67119030587679,0.100441988634281,0.0724046589101357,15.8744128744129,15.3124470624471,0.64304929972334,0.980265322595552,0.117474703165384
"238","日本紙パルプ商事","8032","A","","J1","General",0.000546880944584218,67199.2695374315,0.00598287087664916,6142.53604292772,9.84410013061557,2.5513531644233,28382,0.00188941874244544,19450.4263001198,14940,22737,55204199925,3695060.23594378,4.48172394980906,23290,0.12227612293959,10.2086466992127,0.12227612293959,0.100338626709289,16.4839061647572,12.4042553191489,0.235349716446125,0.358175803402646,0.168701091927416
"239","東京エレクトロン","8035","AA","","J1","General",0.00201664119865065,222746.614668273,0.00651711763186717,68926.1764746301,31.2976503908776,22.2425990834622,145888,0.000927976303120589,484064.08492268,404811,438654,7.06191e+12,17444955.7941854,317038,92082,0.363991107806617,0.913706474807023,0.363991107806617,0.229744935766128,145889,438654,0.716549398614024,0.776454345113241,0.436629501675606
"240","スターゼン","8043","BBB","+","NonSP","General",0.000426890910573577,50879.5091720662,0.0030285487266214,7171.75187213531,14.0962754981225,6.32676920273902,11084,0.000567753642044339,38256.0293612414,10233,13078,42402982944,4143748.94400469,31.3308270676692,11084,0.15267217630854,5.55130753937911,0.15267217630854,0.15267217630854,42.6691729323308,49.1654135338346,0.297808562032537,0.380605919501761,0.183658635078745
"241","山善","8051","A","","NonSP","General",0.0001185032102314,86833.0906808925,0.00112931649700775,9111.70608705751,10.5397737877487,4.59223297023221,13566,0.000142342354347368,72290.5002321981,15172,17226,98069292615,6463834.20873978,6.36640360766629,13566,0.0980861416992632,8.02896783931267,0.0980861416992632,0.0980861416992632,8.64712514092446,9.71025930101466,0.242085779933623,0.274859586418177,0.149427042039898
"242","住友商事","8053","BBB","+","SP","General",-0.000107479388113651,-137979.944436587,0.00215427905646585,6883.97352956168,-5.31988159580625,-1.66440923645393,467097,0.000373303142007393,39726.4269468868,-38456,132450,1.85561e+12,-48252808.4044102,-4.3835848626096,400755,0.0867495079334244,40.6525783314458,0.0867495079334244,0.0744284357464499,16.225300694286,4.31728543955149,-0.0527183769934239,0.181572421280918,-0.0142743215326559
"243","三菱商事","8058","A","","SP","General",8.90078222914058e-05,344014.708052873,0.0044008125709266,6957.80597480725,2.35570565801519,0.709638882722168,1017550,0.00068488524415741,44708.2197509901,293376,817206,4.54928e+12,15506653.5776614,2.85617710583153,628569,0.0841188101001432,14.8023643977161,0.0841188101001432,0.0519625338763077,22.9773218142549,17.6502375809935,0.182776713812047,0.509128992103948,0.0460007005724059
"244","第一実業","8059","BBB","+","NonSP","General",0.000606959878770385,76611.3241194828,0.00485685163804301,9574.10344507382,12.527926720286,5.60946331215926,11141,0.00100492495309568,46272.1120186698,8973,9856,51551760000,5745208.96021398,177.078947368421,10873,0.16851451303072,6.70789366883117,0.16851451303072,0.164460847337135,294.184210526316,259.368421052632,0.418185207624551,0.459337279209582,0.175440654603044
"245","神鋼商事","8075","BBB","-","J2","General",0.000347156309046763,85206.5747594278,0.00645387956204132,4583.28974311445,5.51798367566598,1.07464897478628,14894,0.00168093175128169,17597.3831046059,5250,7622,26209542396,4992293.78971429,4.17367706919946,13345,0.0650256714749747,30.0509052742062,0.0650256714749747,0.0582628968600468,21.2089552238806,10.3419267299864,0.197524361337898,0.286767748974754,0.0939546869966713
"246","阪和興業","8078","A","-","J1","General",0.000681247377909811,47266.2369707688,0.00453212934511053,7104.82811677447,15.2413920672251,3.49737445275834,19004,0.000448920738229414,71727.5840875605,37259,42738,1.36311e+11,3658471.77863067,7.66179596174283,12672,0.0300347856046705,14.8049276990032,0.0300347856046705,0.020027404924352,6.04888416578108,11.3544102019129,0.466174538629966,0.534726305911792,0.20817758706426
"247","菱電商事","8084","A","-","NonSP","General",0.000157678143553003,105404.589535982,0.00306326705170393,5425.57985297273,5.15919092876905,2.86706657425774,1939,8.49507975407818e-05,195642.66,5513,5927,37935111774,6881028.79992744,156.478260869565,1841,0.0348684565448039,9.38231820482538,0.0348684565448039,0.0331061518818896,85.304347826087,257.695652173913,0.252392070686261,0.271345511147736,0.0802030899938898
"248","ニプロ","8086","A","-","J1","General",0.000102175744975873,132810.384726868,0.00101512614534423,13367.7967632273,10.8796095040552,2.05045435605972,66093,0.000385473001466428,35203.5030945789,25730,67016,2.32671e+11,9042790.51690633,4.37646764926305,66093,0.097146586354236,10.1519487883491,0.097146586354236,0.097146586354236,17.5108668498626,16.7414439170622,0.185321233074042,0.482685105157015,0.153479077813236
"249","岩谷産業","8088","A","","NonSP","General",0.000597814450204433,104882.041540747,0.00430061318799271,14579.3163112316,14.441167371352,6.87100357592862,48779,0.000832951271573654,75274.5114147482,45726,65903,3.67182e+11,8030048.55005905,38.4291986827662,22898,0.189310233751315,3.90979166350545,0.189310233751315,0.0888666379474283,54.5444566410538,72.3413830954995,0.258517170026798,0.372590146880901,0.206436525260551
"250","東邦ホールディングス","8129","A","-","NonSP","General",0.000131250560398881,139580.356413901,0.00303314896247409,6039.92755603294,4.33015937245777,1.50370106897001,8768,0.000112022283030993,163538.891587591,17083,23704,1.43391e+11,8393783.29333255,130.037974683544,4627,0.0196691155852168,18.8058977387783,0.0196691155852168,0.0103796758454377,111.987341772152,300.050632911392,0.171909592239263,0.238538018757799,0.0729397498793802
"251","ミツウロコグループホールディングス","8131","A","-","NonSP","General",8.48836402674e-05,147731.647234927,0.00149663767093281,8378.78148034602,5.69494225408204,3.64421547086901,5340,8.56697484460246e-05,146376.057213483,8634,11579,78164814552,9053140.43919388,27.5572916666667,3907,0.102890173410405,4.48225235339839,0.102890173410405,0.0752793834296724,28.8125,60.3072916666667,0.270200913813607,0.362364649183201,0.100625852242929
"252","シナネンホールディングス","8132","A","-","J1","General",0.000362163572077947,83939.9717248677,0.00397843390660441,7641.19769579039,9.22815515018945,4.87948447859223,7947,0.000609124636466338,49907.6842078772,7083,9941,39661636640,5599553.38698292,39.0495867768595,7947,0.17687907587527,4.51956543607283,0.17687907587527,0.17687907587527,66.6776859504132,82.1570247933884,0.209308510638298,0.293764775413712,0.140638961142108
"253","伊藤忠エネクス","8133","AA","-","J1","General",0.000171447727402579,58560.1229722042,0.00138088186810963,7270.71607779478,14.7093582318528,4.90758632174703,40214,0.000344059030379127,29181.039047098,31039,50969,1.17349e+11,3780695.25435742,18.7280373831776,40214,0.162857189140154,4.84467028978399,0.162857189140154,0.162857189140154,38.5831775700935,47.6345794392523,0.357225885900402,0.586598994118933,0.198153107573663
"254","加賀電子","8154","A","-","NonSP","General",0.000504213661166051,56464.1583374793,0.00331202038818181,8595.9615772864,15.9090659250058,6.10622605525645,9999,0.000348371503454902,81723.1022562256,18084,23144,81714929946,4518631.38387525,45.6529968454259,7485,0.0704442659677897,6.13299343242309,0.0704442659677897,0.0527328063575263,32.5425867507886,73.0094637223975,0.37725300400534,0.48281041388518,0.199479350511825
"255","木曽路","8160","BBB","-","NonSP","General",0.000182836316077452,128749.039058675,0.000905653335167099,25992.2854429247,20.1883335463803,10.283903455461,5233,0.000201938041796814,116570.408381426,5181,7104,61001294706,11774038.7388535,128.054054054054,3918,0.231528183346606,3.18158783783784,0.231528183346606,0.173347491372445,142.432432432432,192,0.257057802034235,0.352468370131481,0.196663440186756
"256","リテールパートナーズ","8167","BBB","+","NonSP","General",0.000162543206490392,73888.0465035611,0.00153363438484696,7831.07115924404,10.5985630014817,6.63162221969545,12241,0.000262423026991412,45765.8008814639,9080,13721,56021916859,6169814.63204846,135.392857142857,12241,0.286051457013998,3.118796006122,0.286051457013998,0.286051457013998,219.589285714286,245.017857142857,0.148830500417971,0.224901244078742,0.1323200454668
"257","上新電機","8173","A","-","J1","General",0.000452892857142857,59837.5522435139,0.00354653571428571,7641.25957926749,12.7700069484306,6.02935512858916,25836,0.000922714285714286,29369.8714971358,14604,23127,7.588e+10,5195836.75705286,60.9663461538462,19469,0.232719018537534,4.80036321183033,0.232719018537534,0.175367958349097,125.211538461538,111.1875,0.130218457423094,0.206214890771288,0.154990713717166
"258","AOKIホールディングス","8214","A","-","NonSP","General",0.000132505028208716,49205.6798760117,0.00143583242638772,4540.9198735002,9.25514196689697,4.89505184186125,4351,4.96408969981165e-05,131343.315578028,13000,24371,57147476608,4395959.73907692,32.5322128851541,-5919,0.0390542954339416,4.57137581551844,0.0390542954339416,-0.0531285623244083,13.187675070028,68.266106442577,0.26879497146638,0.503907865354396,0.0980913683368608
"259","高島屋","8233","A","+","J1","General",0.000179107183599394,63034.8809752497,0.00233523971641209,4834.62143978358,8.07419392470037,2.7673041253153,43720,0.0002459503130525,45903.580523559,39422,74250,2.0069e+11,5090812.23682208,6.72255067567568,43720,0.0594510433168569,9.90430976430976,0.0594510433168569,0.0594510433168569,10.2314189189189,15.6777871621622,0.188371448503904,0.354791234625713,0.0905231106957434
"260","イオン","8267","BBB","","SP","General",6.10362429377664e-05,489381.366911066,0.0020136787703696,14833.5476539376,5.48467415971193,0.463528941228443,396461,0.000454696441333919,65692.1789675151,169094,523515,2.60444e+12,15402320.6027417,1.64754504365055,396461,0.0407651397754622,18.5772919591607,0.0407651397754622,0.0407651397754622,13.2735743916785,16.2068912141663,0.0561397707450619,0.173808722258632,0.0938094131183611
"261","イズミ","8273","A","+","NonSP","General",0.000486316929276692,76801.7680477447,0.0034244096158247,10906.9895807441,14.9903654256417,7.11712668371139,48320,0.000674246356669625,55395.1825331126,44601,62114,2.6767e+11,6001434.94540481,49.7885714285714,35688,0.197804986879864,3.93278487941527,0.197804986879864,0.146094047428985,70.0285714285714,88.7342857142857,0.245636741145435,0.34208830608075,0.189117506757831
"262","平和堂","8276","A","","J1","General",0.000244831157198718,84956.5073252407,0.0028629565539989,7265.2167812142,8.65747004252029,4.8125702966308,32113,0.000548504461498704,37921.2959237692,17631,29965,1.21777e+11,6906982.02030514,387.405405405405,32113,0.246590594956538,4.34600367094944,0.246590594956538,0.246590594956538,868.918918918919,809.864864864865,0.118148860460909,0.20080146354212,0.107607471673009
"263","フジ","8278","A","-","NonSP","General",0.000178707788348137,108780.933274879,0.00245281205571149,7925.59705287366,7.30371856722025,3.77926402933721,12598,0.000329002004619295,59087.7858707731,9218,16303,74438792640,8075373.4692992,28.6317991631799,12598,0.144565317176168,5.34527387597375,0.144565317176168,0.144565317176168,53.7112970711297,68.2133891213389,0.104538547029871,0.184887386876545,0.101123348984159
"264","ケーズホールディングス","8282","A","+","NonSP","General",0.000243555555555556,53006.3868613139,0.00122391111111111,10548.1516449996,19.9472925554375,12.8048751991999,56589,0.000251506666666667,51330.647298945,67029,82909,2.90475e+11,4333572.03598442,116.348195329087,36798,0.370878418675982,1.84034302669192,0.370878418675982,0.241170263663235,121.146496815287,176.027600849257,0.289960461313515,0.358655684659509,0.253993455866889
"265","新生銀行","8303","BBB","","SP","Bank",0.000213623898071814,67829.4897283866,0.00359311721373349,4032.71007820642,5.99982868784649,0.515224427462721,249230,0.00096214912744756,15060.0354837299,78148,93792,3.75341e+11,4802950.81128116,3.73362121314351,247126,0.0254071821291164,104.587075656772,0.0254071821291164,0.0251926946629218,17.8160043181972,6.32831792726537,0.208813965108605,0.250615235392669,0.152572022084951
"266","新生銀行","8303","A","-","J1","Bank",0.000213623898071814,67829.4897283866,0.00359311721373349,4032.71007820642,5.99982868784649,0.515224427462721,249230,0.00096214912744756,15060.0354837299,78148,93792,3.75341e+11,4802950.81128116,3.73362121314351,247126,0.0254071821291164,104.587075656772,0.0254071821291164,0.0251926946629218,17.8160043181972,6.32831792726537,0.208813965108605,0.250615235392669,0.152572022084951
"267","あおぞら銀行","8304","BBB","+","SP","Bank",0.000329505383144247,74718.050931575,0.00414243309574826,5943.36696113925,7.88904293969417,0.658744004004823,728732,0.00616058488004396,3996.37379881767,81818,87645,2.91229e+11,3559473.46549659,2.03386558129827,727136,0.134282464313151,61.9186376861201,0.134282464313151,0.13398837154236,39.0260905865164,4.57341891045711,0.525299348335527,0.562710667394305,0.81818
"268","あおぞら銀行","8304","A","","NonSP","Bank",0.000329505383144247,74718.050931575,0.00414243309574826,5943.36696113925,7.88904293969417,0.658744004004823,728732,0.00616058488004396,3996.37379881767,81818,87645,2.91229e+11,3559473.46549659,2.03386558129827,727136,0.134282464313151,61.9186376861201,0.134282464313151,0.13398837154236,39.0260905865164,4.57341891045711,0.525299348335527,0.562710667394305,0.81818
"269","三菱UFJフィナンシャル・グループ","8306","AA","-","NonSP","Bank",7.67218652924976e-05,75467.4039522627,0.00130439282619916,4438.84685940151,6.20164542656651,0.289878379496192,34904946,0.00256994246365183,2252.96872668991,1998143,2378000,7.86398e+12,3935644.24568212,1.23371452453314,34771275,0.10213373727384,143.716256518082,0.10213373727384,0.101742608784625,42.3255769073669,2.81542397704092,0.331623497843108,0.394666787047229,0.93305200575481
"270","三井住友トラスト・ホールディングス","8309","AA","-","NonSP","Bank",0.000532927156558647,67476.3887661685,0.00725451132058861,4956.91555376639,7.42467777381801,0.321735086145529,6553089,0.017461333517226,2059.40743096881,399277,454002,1.34955e+12,3379984.3216614,1.23147731960667,6525289,0.110244676771052,130.927438645645,0.110244676771052,0.109776988629744,41.3492971448627,2.79542389892186,0.289240195474756,0.328883525036329,1.52624155224611
"271","三井住友フィナンシャルグループ","8316","AA","-","NonSP","Bank",0.000489126554800767,75542.8214586522,0.0086578682449729,4267.79421383025,5.68419738891375,0.277114791777875,18795951,0.0136761272539804,2701.78825582701,1371640,1621980,5.07827e+12,3702334.4317751,1.20052826050851,18650005,0.0814787682448478,142.224479956596,0.0814787682448478,0.0808461053745167,34.5671353386278,2.89664631369531,0.35149464150309,0.415646436838516,0.586015921429331
"272","三井住友フィナンシャルグループ","8316","A","-","SP","Bank",0.000489126554800767,75542.8214586522,0.0086578682449729,4267.79421383025,5.68419738891375,0.277114791777875,18795951,0.0136761272539804,2701.78825582701,1371640,1621980,5.07827e+12,3702334.4317751,1.20052826050851,18650005,0.0814787682448478,142.224479956596,0.0814787682448478,0.0808461053745167,34.5671353386278,2.89664631369531,0.35149464150309,0.415646436838516,0.586015921429331
"273","千葉銀行","8331","A","-","SP","Bank",8.762740919782e-05,71096.4760573452,0.0012774114815746,4877.05026129919,6.86390146072337,0.399269914105175,1913821,0.00234674618536259,2654.73958745881,105829,115397,5.0807e+11,4800857.98788612,4.96781369482099,1894887,0.113536676725747,146.073225473799,0.113536676725747,0.112413424636275,134.042822384428,8.02203684393465,0.454318708680347,0.495393663604362,0.729508027214636
"274","群馬銀行","8334","AA","","NonSP","Bank",4.54428476044671e-05,77019.8212590872,0.00125741653231397,2783.48495510798,3.61398521783712,0.186590573483415,1987175,0.00455891007110294,767.727361455332,27900,34679,1.52561e+11,5468136.20071685,6.86823855755895,1982153,0.197381954481393,290.310072378096,0.197381954481393,0.196883129679649,690.034327323162,12.0246185852982,0.194674704848028,0.241975773814508,0.573460494943682
"275","群馬銀行","8334","A","-","SP","Bank",4.54428476044671e-05,77019.8212590872,0.00125741653231397,2783.48495510798,3.61398521783712,0.186590573483415,1987175,0.00455891007110294,767.727361455332,27900,34679,1.52561e+11,5468136.20071685,6.86823855755895,1982153,0.197381954481393,290.310072378096,0.197381954481393,0.196883129679649,690.034327323162,12.0246185852982,0.194674704848028,0.241975773814508,0.573460494943682
"276","武蔵野銀行","8336","A","","NonSP","Bank",0.000378518781110363,43300.361350422,0.00737096994047351,2223.58795821478,5.13676908625244,0.240527626936312,425702,0.0125927010125229,1301.54761744131,14970,17681,55407142384,3701211.91609886,9.10099573257468,418592,0.0839517937142351,286.793224365138,0.0839517937142351,0.0825496456075591,303.775248933144,12.5753911806543,0.20961102243132,0.247570640454787,0.327263187810157
"277","千葉興業銀行","8337","A","-","NonSP","Bank",0.000105142610279483,24252.7743340381,0.00270438056272206,942.914630858508,3.96896432127633,0.218426247353948,256027,0.00379412925750882,672.090966577744,7991,10317,17207343390,2153340.4317357,14.6894409937888,255066,0.0835121642537132,297.154696132597,0.0835121642537132,0.0831987004790027,531.076604554865,21.360248447205,0.159864762133397,0.206397791381587,0.128638119768191
"278","筑波銀行","8338","BBB","+","NonSP","Bank",1.43162683000043e-05,118047.522202381,0.000736199676178335,2295.57286519455,1.94461757635117,0.0809364015542457,174182,0.00114177483746857,1480.15172916834,3357,5835,25781578849,7679946.0378314,2.86614173228346,173600,0.0673530530868055,443.205484147386,0.0673530530868055,0.0671280041328578,229.58530183727,7.65748031496063,0.0937945293509542,0.163029811963902,0.0686952607023001
"279","七十七銀行","8341","AA","","NonSP","Bank",0.000323824387541672,35883.6469612859,0.00669665389467347,1735.19494702311,4.83561481054356,0.252277002445531,804407,0.0104937599850636,1107.32473551324,36134,39726,89073976852,2465101.4792716,14.4824970828471,799782,0.0862519880727963,234.764209837386,0.0862519880727963,0.0857560756244503,470.315635939323,23.1773628938156,0.301176902047076,0.331116223244649,1.46540676453889
"280","青森銀行","8342","A","-","NonSP","Bank",0.000162440222656209,122014.114951981,0.0057981214168512,3418.34856069014,2.80160091480846,0.0905080374777159,448939,0.0218864799276878,905.581896471458,4915,6858,40655103102,8271638.47446592,4.47248322147651,447282,0.12601764655191,519.467629046369,0.12601764655191,0.125552524919937,603.602684563758,9.20536912751678,0.118863361547763,0.165852478839178,0.251252428177078
"281","秋田銀行","8343","A","+","NonSP","Bank",0.000228478035075634,61012.4294678278,0.00976000244947908,1428.27833006784,2.34993178717599,0.118495468709199,210896,0.0116558064067032,1195.97044713982,5626,7489,25222538342,4483209.80127977,9.79620853080569,210575,0.063673521638237,442.268126585659,0.063673521638237,0.0635766056206459,500.75355450237,17.7464454976303,0.129282809017166,0.172093664544891,0.399007092198582
"282","山形銀行","8344","A","+","NonSP","Bank",0.000125411764705882,67537.5234521576,0.00475917647058824,1779.7196746842,2.63784666588307,0.136274963502343,440197,0.0129469705882353,654.207093642165,5844,8070,2.8798e+10,4927789.18548939,2.94475138121547,438958,0.148356590740962,367.677199504337,0.148356590740962,0.147939019026643,305.003453038674,5.5732044198895,0.14175864160097,0.195755003032141,0.486675549633578
"283","東邦銀行","8346","A","","NonSP","Bank",2.50811881188119e-05,82531.9753671246,0.000757964356435644,2730.99913264293,3.30901946850867,0.0932374232903933,856012,0.00339014653465347,610.593075798003,7521,12255,52267500000,6949541.28440367,12.5904572564612,854725,0.12968012180065,538.633210934313,0.12968012180065,0.129485149864792,1702.81312127237,24.3638170974155,0.129060489060489,0.21029601029601,0.319784004421957
"284","東北銀行","8349","BBB","+","NonSP","Bank",0.000127461488976691,78298.1595470383,0.00296817985363839,3362.3299436409,4.29426433915212,0.168572818660874,127674,0.00945035896841464,1056.04454109686,2165,2728,13482943074,6227687.33210162,13.2461538461538,127333,0.130091490161674,359.756964809384,0.130091490161674,0.129744033372155,983.107692307692,20.9846153846154,0.159802184824328,0.201358134041925,0.163606136174715
"285","みちのく銀行","8350","A","-","NonSP","Bank",8.81393803905465e-05,103812.846873398,0.00400792486422763,2282.97692944982,2.21412683281129,0.082652190600781,147980,0.00668522066129834,1368.69079774294,2220,4160,20253886425,9123372.26351351,9.24644549763033,147787,0.0651384643556407,546.1,0.0651384643556407,0.0650535087966419,702.327014218009,19.7156398104265,0.0530123934379254,0.0993385390548511,0.0600227112961661
"286","ふくおかフィナンシャルグループ","8354","A","","J1","Bank",0.000310403570943788,59438.7491867521,0.00501643666170141,3677.90948919155,6.18800780149981,0.215666928256268,1541822,0.00806652712893465,2287.22964729392,86862,99811,3.5265e+11,4059888.09836292,4.20392545879685,1537653,0.0580698130203559,266.014557513701,0.0580698130203559,0.0579127955108886,110.248352582725,7.07227379012258,0.316144623918123,0.363274056064698,0.696015192429427
"287","静岡銀行","8355","A","-","SP","Bank",0.000101979558992102,77466.5048376201,0.00185737524442786,4253.31392980501,5.49922120567691,0.431171180592459,1110303,0.00186565076020509,4234.44739417979,88786,105050,4.70152e+11,5295339.35530376,5.16387305368842,1106106,0.0856023721576782,123.469490718705,0.0856023721576782,0.0852787909767341,95.4697524036416,8.93814345273547,0.384709710685611,0.455181617682105,0.977335021189939
"288","十六銀行","8356","A","+","NonSP","Bank",0.000593922592932511,32580.0032365477,0.0106267159587612,1820.88239443784,5.78165548787531,0.311174814789231,580590,0.0153092487227263,1263.9418400248,29897,35479,73383199290,2454533.87597418,19.4675885911841,579531,0.0849391363884738,192.659460525945,0.0849391363884738,0.084784206841917,502.80639585134,30.6646499567848,0.268505379627468,0.318637400535268,0.811558402779663
"289","八十二銀行","8359","AA","","NonSP","Bank",6.22476769187518e-05,56869.5921716172,0.00177986290136498,1988.91723474047,3.51151188715481,0.261622786567613,1365598,0.00267186242668218,1324.91851550749,47575,53688,1.80931e+11,3803068.83867578,4.04051308102616,1358711,0.121376314856452,209.561596632395,0.121376314856452,0.120764188388476,174.431292862586,6.81838963677927,0.308990770869461,0.348693568185804,0.910648316520874
"290","八十二銀行","8359","A","-","SP","Bank",6.22476769187518e-05,56869.5921716172,0.00177986290136498,1988.91723474047,3.51151188715481,0.261622786567613,1365598,0.00267186242668218,1324.91851550749,47575,53688,1.80931e+11,3803068.83867578,4.04051308102616,1358711,0.121376314856452,209.561596632395,0.121376314856452,0.120764188388476,174.431292862586,6.81838963677927,0.308990770869461,0.348693568185804,0.910648316520874
"291","大垣共立銀行","8361","A","","NonSP","Bank",0.000282679028397875,65232.9962520085,0.00790535509302865,2332.5960419237,3.72287339711804,0.158708258385903,1315246,0.0314412229500374,586.491181634462,18273,23036,77138018068,4221420.56958354,3.79492939666239,1313576,0.184723434364941,309.084997395381,0.184723434364941,0.184488886504397,423.094351732991,7.39281129653402,0.156950826712476,0.197861284088469,0.39067410685652
"292","福井銀行","8362","BBB","+","NonSP","Bank",0.000176519297075474,81407.5301572032,0.00565785349966902,2539.83246488101,3.11989868747575,0.121309930934175,483845,0.0200394132551579,717.086863623681,6594,7843,34695889353,5261736.3289354,9.82027649769585,479284,0.143289009084887,430.537676909346,0.143289009084887,0.141938284843784,1115.85023041475,18.0714285714286,0.155588589226304,0.185059342629952,0.367047035903145
"293","北国銀行","8363","BBB","+","SP","Bank",0.000426566457990673,47729.9600533645,0.0101820022815419,1999.60670180844,4.30685584799417,0.217087008393319,191877,0.00682467208036992,2983.29352095353,18750,23476,57242541092,3052935.52490667,20.0217028380634,189324,0.0366300233437007,223.131879366161,0.0366300233437007,0.0361426462761185,321.328881469115,39.1919866444073,0.237047712963665,0.2967963791752,0.702958047463727
"294","清水銀行","8364","A","-","NonSP","Bank",0.000296100493088497,51908.0527008993,0.00747947955721165,2054.95581376118,4.02635175386341,0.191990963558478,141149,0.0121248298517402,1267.64665466989,4385,5561,17892705766,4080434.61026226,5.69752066115703,140764,0.0826241595573679,307.1976263262,0.0826241595573679,0.082398792736281,234.304132231405,9.19173553719008,0.157836008926643,0.200165574832625,0.405417899408284
"295","滋賀銀行","8366","A","+","NonSP","Bank",0.000245827464456119,75459.4285916788,0.00933260960743307,1987.65412679703,2.63451658810824,0.167454734230565,1239206,0.0233415729766922,794.71936268062,21473,24234,98482100255,4586322.37018581,3.44808454425363,1238112,0.169794299422412,301.158620120492,0.169794299422412,0.169644401049124,328.399207397622,6.40264200792602,0.2494424050927,0.28151572882301,0.649201838190833
"296","南都銀行","8367","A","","NonSP","Bank",0.000464184572139915,40458.0443365949,0.00888542531903076,2113.57355733744,5.22523382324871,0.233680795691493,532079,0.0161110804278952,1165.6573923797,22179,26142,62022181968,2796437.25902881,9.78927203065134,530885,0.0849046337004754,239.720908882258,0.0849046337004754,0.0847141053529211,340.769476372925,16.6934865900383,0.273147121850292,0.321953742703022,0.584827549836515
"297","京都銀行","8369","A","-","SP","Bank",0.000303834269014015,155018.721728942,0.0154027215575892,3057.90115233193,1.97730683652359,0.187739715826451,1437527,0.0189545616991238,2484.88995671038,34195,37588,3.5721e+11,10446264.073695,4.40171919770774,1435105,0.129439838123553,295.460093646909,0.129439838123553,0.12922175297598,275.59923591213,7.18013371537727,0.316163689485558,0.347535041976404,0.812174904401112
"298","紀陽銀行","8370","A","","NonSP","Bank",0.000292147937411095,49940.4518453598,0.00349500711237553,4174.52655484963,8.41924891674626,0.362576037604244,715233,0.0101740113798009,1434.04596823692,26858,29821,1.02568e+11,3818899.39682776,12.8845671267252,713799,0.131991835042917,181.709768284095,0.131991835042917,0.131727199194946,449.703262233375,18.7082810539523,0.340366751574599,0.377916334004993,0.335322612864563
"299","山陰合同銀行","8381","AA","-","NonSP","Bank",9.02486186043307e-05,60388.7359638597,0.00241978670671929,2252.2646251698,3.73651589080839,0.22239193379888,439075,0.00279705740196912,1948.47627945112,21198,24412,85552722240,4035886.51004812,6.01826677994902,438351,0.0732960494334966,245.38882516795,0.0732960494334966,0.073175190036378,187.522939677145,10.3704333050127,0.237704366547803,0.27374464554038,1.0238106737503
"300","鳥取銀行","8383","BBB","","NonSP","Bank",0.000159876290262993,69991.6165279584,0.0051397420648657,2177.15205525443,3.11708315599603,0.141632754922843,29461,0.00306249374995972,3653.88500797665,1912,2670,10764710622,5630078.77719665,4.1455525606469,29258,0.0284245554351675,388.188389513109,0.0284245554351675,0.02822869702054,80.4097035040431,7.19676549865229,0.142590797225744,0.199119994033858,0.211014236839201
"301","伊予銀行","8385","AA","","NonSP","Bank",7.96817877738111e-05,67769.5637970464,0.00228936502846853,2358.7326323458,3.52181219276799,0.301716611862437,778734,0.00240516753828641,2245.16584148117,38815,44104,1.74839e+11,4504418.39495041,4.98917037323535,775885,0.0997162685744974,177.070061672411,0.0997162685744974,0.0993514563932278,151.596403016825,8.52910462192999,0.310975267792048,0.353349303380149,1.85292151995417
"302","伊予銀行","8385","A","-","SP","Bank",7.96817877738111e-05,67769.5637970464,0.00228936502846853,2358.7326323458,3.52181219276799,0.301716611862437,778734,0.00240516753828641,2245.16584148117,38815,44104,1.74839e+11,4504418.39495041,4.98917037323535,775885,0.0997162685744974,177.070061672411,0.0997162685744974,0.0993514563932278,151.596403016825,8.52910462192999,0.310975267792048,0.353349303380149,1.85292151995417
"303","百十四銀行","8386","A","","NonSP","Bank",0.000170366666666667,88632.3615730777,0.0097233,1552.9706992482,1.75239492830644,0.0950783070592155,216353,0.00721176666666667,2093.80040951593,11532,15024,4.53e+10,3928199.79188345,1.80218617771509,214573,0.0425567530247626,338.383253461129,0.0425567530247626,0.0422066260545608,77.2880818053597,5.29760225669958,0.167251631617114,0.217897026831037,0.30898665666363
"304","四国銀行","8387","A","-","NonSP","Bank",0.000217692307692308,32155.4770318021,0.00369550116550117,1894.19504595142,5.8986262434865,0.280371054082883,224249,0.00522724941724942,1339.13640640538,12930,15419,3.003e+10,2322505.80046404,5.61575466025256,223521,0.0706873807095878,205.746481613594,0.0706873807095878,0.0704579018126626,135.846061334937,9.27179795550211,0.311551250542143,0.371524263890897,0.5172
"305","阿波銀行","8388","AA","-","NonSP","Bank",0.000281706753006475,70285.8550201133,0.00677368177613321,2923.07797360137,4.15884244812116,0.315074073834574,301556,0.00697400555041628,2839.11445966918,18220,21517,85615200000,4698968.16684962,5.1811994895789,300528,0.0843942930386938,166.063112887484,0.0843942930386938,0.0841065941262405,129.267120374309,9.1522756273926,0.277798954061018,0.328068062268437,0.77690602080846
"306","大分銀行","8392","A","+","NonSP","Bank",0.000389260186482902,43338.6217902894,0.0124815666248082,1351.59315389699,3.12378035224662,0.165798342750774,341521,0.021024913513811,802.381421874497,11518,13850,27403010558,2379146.60166696,8.72137931034483,339702,0.0945799992356523,260.716389891697,0.0945799992356523,0.0940762497777576,472.063448275862,19.1034482758621,0.199587585991786,0.239997227468852,0.587713031942035
"307","宮崎銀行","8393","A","","NonSP","Bank",0.000681887781142604,29125.0269461078,0.00899344425918995,2208.27520887852,7.59119663623622,0.329076197396456,256482,0.014545238014223,1365.39532598779,16232,18955,35019932400,2157462.56776737,14.6634146341463,255622,0.0733795289647754,184.39883935637,0.0733795289647754,0.0731334828683253,313.782926829268,23.1158536585366,0.296941314210449,0.346754719742426,1.10444308362251
"308","沖縄銀行","8397","A","+","NonSP","Bank",0.00032710396039604,75450.0189178963,0.0067496699669967,3656.47507517786,4.93775649368847,0.296681389107988,305507,0.0126034240924092,1958.19801182952,10674,12784,59824320000,5604676.78471051,12.2550231839258,304650,0.121766826055989,196.257118272841,0.121766826055989,0.121425249038343,473.190108191654,19.758887171561,0.206109523441724,0.246852552714915,0.46970297029703
"309","筑邦銀行","8398","BBB","+","NonSP","Bank",0.000290765592044833,56746.7418822234,0.00679146490169659,2429.52002827521,4.55069124423963,0.207108955040145,48558,0.00777049841415134,2123.41591498826,2413,2797,10310883000,4273055.53253212,13.1666666666667,48282,0.0581619306340103,298.489810511262,0.0581619306340103,0.0578313426185445,352.869565217391,20.268115942029,0.13665194246234,0.158398459621701,0.301625
"310","琉球銀行","8399","A","+","NonSP","Bank",8.64795247894439e-05,83603.604640558,0.00305775175968899,2364.4823282631,2.83291285449406,0.134190404954102,295374,0.00685187852874389,1055.18508094822,6758,9715,31167423810,4611930.12873631,7.38217821782178,293274,0.111616633778302,272.395882655687,0.111616633778302,0.110823080754223,585.89900990099,19.2376237623762,0.117985963197039,0.16961136911205,0.118630084083768
"311","セブン銀行","8410","A","","SP","Bank",3.02338320438766e-05,79050.5152152573,0.000198994664667754,12010.3722579216,15.2849285588741,2.97830361572992,136039,0.000115354936963033,20718.6624423878,49626,63696,2.81855e+11,5679583.28295651,58.1647634584013,125603,0.141341864055639,15.1105563928661,0.141341864055639,0.130499063878597,222.923327895595,103.908646003263,0.361528990944655,0.464029956216716,1.61579787060854
"312","みずほフィナンシャルグループ","8411","AA","-","NonSP","Bank",0.000256832933828607,60973.4887444397,0.00368699710182995,4247.35891227784,7.04563044576458,0.289097014001445,16613235,0.00654257583676796,2393.55269097439,1365399,1541423,3.97647e+12,2912313.54351365,1.31420620222835,16505843,0.076833444804923,140.275578475214,0.076833444804923,0.0763367746919383,34.4781587978422,3.10619839956795,0.424287971610534,0.478986170389625,0.605024355637955
"313","みずほフィナンシャルグループ","8411","A","-","SP","Bank",0.000256832933828607,60973.4887444397,0.00368699710182995,4247.35891227784,7.04563044576458,0.289097014001445,16613235,0.00654257583676796,2393.55269097439,1365399,1541423,3.97647e+12,2912313.54351365,1.31420620222835,16505843,0.076833444804923,140.275578475214,0.076833444804923,0.0763367746919383,34.4781587978422,3.10619839956795,0.424287971610534,0.478986170389625,0.605024355637955
"314","高知銀行","8416","BBB","","NonSP","Bank",0.000102227131328615,78257.1113561191,0.00426784184662549,1874.48370569904,2.50148241102086,0.145710652701792,80494,0.00453620215499752,1763.58983278257,2989,3820,14195840000,4749360.99029776,3.89270386266094,79395,0.0688453643516935,306.073298429319,0.0688453643516935,0.0679054054054054,173.733905579399,8.19742489270386,0.130501222493888,0.166783094655955,0.152936962750716
"315","信金中央金庫","8421","AA","","NonSP","Bank",0.0613169316965584,3905935.82185787,2.43895416973774,98197.8271554621,2.53260231215289,0.0990476861259888,2416674,3.41231139388497,70187.0293634971,157216,167475,1.69619e+11,1078891.46142886,0.44622783041164,2413945,0.057381093221429,251.477575757576,0.057381093221429,0.0573162963131984,25.83275447502,1.72090466306336,0.602376308943152,0.641683876579065,0.227520195427483
"316","信金中央金庫","8421","A","","SP","Bank",0.0613169316965584,3905935.82185787,2.43895416973774,98197.8271554621,2.53260231215289,0.0990476861259888,2416674,3.41231139388497,70187.0293634971,157216,167475,1.69619e+11,1078891.46142886,0.44622783041164,2413945,0.057381093221429,251.477575757576,0.057381093221429,0.0573162963131984,25.83275447502,1.72090466306336,0.602376308943152,0.641683876579065,0.227520195427483
"317","芙蓉総合リース","8424","A","+","J1","General",0.00158347533215508,45090.6929524604,0.0113839858345651,6271.9684509101,15.7470490699851,1.60978221284637,35080,0.00115822174003337,61646.2267388826,67669,113819,2.16255e+11,3195776.50031772,4.59739263803681,30903,0.0133156803143533,23.1462936768026,0.0133156803143533,0.0117301729975616,4.36273006134969,10.9105636503067,0.817811563376196,1.37555593154791,0.206114694303359
"318","みずほリース","8425","A","+","NonSP","General",0.000644090278344625,56358.5590723315,0.0043027507958534,8436.46349097945,15.733120653989,1.21247392622129,196820,0.00401640682393274,9037.92907224875,48534,64330,1.77885e+11,3665162.56644826,3.50972978983654,193625,0.0822710178373699,37.1885123581533,0.0822710178373699,0.0809355036518684,22.8859112643167,7.15334148782386,0.945215884082809,1.252848267669,0.238712152511362
"319","東京センチュリー","8439","BBB","","SP","General",0.000649013170300952,92448.0468896765,0.00559501259547395,10723.8364482926,14.003995278626,1.42510204988598,51331,0.000417229138786907,143805.871695467,161670,362892,7.3817e+11,4565905.85761118,1.7011163662704,46605,0.0104446956711415,13.542739988757,0.0104446956711415,0.00948306173177128,2.09359154629511,7.73130512591078,0.80440039406514,1.80559453085351,0.239779308708259
"320","東京センチュリー","8439","AA","-","J1","General",0.000649013170300952,92448.0468896765,0.00559501259547395,10723.8364482926,14.003995278626,1.42510204988598,51331,0.000417229138786907,143805.871695467,161670,362892,7.3817e+11,4565905.85761118,1.7011163662704,46605,0.0104446956711415,13.542739988757,0.0104446956711415,0.00948306173177128,2.09359154629511,7.73130512591078,0.80440039406514,1.80559453085351,0.239779308708259
"321","日本証券金融","8511","AA","-","J1","General",5.834375e-05,140032.137118372,0.00140797916666667,5802.64267641271,4.14379355755146,0.046151073780826,164459,0.00171311458333333,4769.09138447881,12095,13451,7.8432e+10,6484663.08391897,1.54297520661157,164326,0.0137037038888725,892.205932644413,0.0137037038888725,0.0136926215363274,46.3055096418733,3.70550964187328,0.937161010382768,1.04222842088951,0.0923800758440805
"322","日本証券金融","8511","A","","SP","General",5.834375e-05,140032.137118372,0.00140797916666667,5802.64267641271,4.14379355755146,0.046151073780826,164459,0.00171311458333333,4769.09138447881,12095,13451,7.8432e+10,6484663.08391897,1.54297520661157,164326,0.0137037038888725,892.205932644413,0.0137037038888725,0.0136926215363274,46.3055096418733,3.70550964187328,0.937161010382768,1.04222842088951,0.0923800758440805
"323","アイフル","8515","BBB","","NonSP","General",3.74499502843605e-05,91588.9066328723,0.000304758281855626,11254.8212935027,12.468740553464,2.10215045045254,20280,4.18472087589856e-05,81964.8454871795,21062,25544,1.66225e+11,7892175.48191055,6049.66666666667,18558,0.028337399498646,28.0168336987159,0.028337399498646,0.0259312356950628,6761,8514.66666666667,0.165216777402123,0.200374957836854,0.152279456155128
"324","長野銀行","8521","BBB","","NonSP","Bank",0.000188900226982686,58761.1787307033,0.00589673281450754,1882.39832957855,3.22943978728904,0.150075938939944,2025,0.000218709525237243,50752.2477037037,2434,3136,10277330160,4222403.5168447,5.92881355932203,1696,0.00182299074910966,354.213010204082,0.00182299074910966,0.00152681101752592,7.86440677966102,10.6305084745763,0.111146627699895,0.143202885976529,0.186986248751632
"325","名古屋銀行","8522","A","","NonSP","Bank",0.000851031802109689,28988.3409043512,0.0138730344471227,1778.26993034798,6.15287128712871,0.316238359371024,604481,0.0331122911155424,745.040562548699,18556,21663,45036286429,2427047.12378745,9.66770379589297,599843,0.12973112299176,215.089830586715,0.12973112299176,0.128735735298126,377.154947106409,13.4803982576229,0.268732802317161,0.313729181752353,0.739577520924671
"326","北洋銀行","8524","A","","NonSP","Bank",3.6856596508468e-05,63489.3132213761,0.00110418433907433,2119.21136461842,3.37361114933987,0.12403224197385,1166084,0.00292207556996059,800.800644601933,23514,31661,93380081886,3971254.65195203,7.30650769995032,1164268,0.102130663529981,360.619373993241,0.102130663529981,0.101971610421482,580.276701440636,15.7282662692499,0.173381507152337,0.233453767880844,0.19416850397602
"327","愛知銀行","8527","A","","NonSP","Bank",0.000545176748385305,58879.9872611465,0.0225153610813616,1425.69332483735,2.46779784408945,0.157491871983342,34723,0.00317300909054357,10116.5799038102,8020,9659,35127800400,4380024.98753117,13.6834862385321,32913,0.00980393817728009,366.677709907858,0.00980393817728009,0.00929288993545545,80.6399082568807,22.1536697247706,0.150522700399767,0.181284135057525,0.445555555555556
"328","中京銀行","8530","A","-","NonSP","Bank",0.0001716640858039,81438.1175569247,0.00509018733504406,2746.46080385939,3.38158562214653,0.177171081389063,71880,0.00330544186648388,4229.38916026711,5813,7410,30400849284,5229803.76466541,3.733,71330,0.03600641383031,269.407692307692,0.03600641383031,0.0357309056554815,72.88,7.41,0.184856579533168,0.235642053043312,0.182546162542394
"329","大光銀行","8537","A","-","NonSP","Bank",0.000244845627313522,51706.0489864865,0.00823862108898401,1536.66491798341,2.99727865324979,0.138544510349298,143439,0.0148312550406353,853.602744023592,3571,4466,12243992400,3428729.31951834,6.65168539325843,142774,0.0880254161046395,364.871921182266,0.0880254161046395,0.087617319968236,403.918539325843,12.5449438202247,0.16145951078356,0.201926120179048,0.3571
"330","愛媛銀行","8541","A","-","NonSP","Bank",0.000205976765486055,36460.423010713,0.00392872590118132,1911.56120047515,5.29051928000469,0.293486274339737,38895,0.000986512288336427,7612.67760046278,12019,13853,29609509527,2463558.49296946,3.13431107680432,38445,0.0148898507071866,188.564354291489,0.0148898507071866,0.0147175809342534,16.0115785411038,5.34658433037437,0.279219421535602,0.321825996050645,0.562529252082748
"331","トマト銀行","8542","BBB","+","NonSP","Bank",0.000118635710740868,87747.6093411552,0.00277375217021441,3753.03897434908,4.27708401690761,0.170285227756492,47318,0.00253321505452906,4109.40239021091,3292,4056,19444870230,5906704.20109356,2.8265306122449,46788,0.0378685173832805,308.070512820513,0.0378685173832805,0.0374443592571311,61.3545918367347,5.1734693877551,0.145792736935341,0.179627989371125,0.184839977540707
"332","京葉銀行","8544","A","+","NonSP","Bank",7.82132551125923e-05,53443.6265819989,0.00214536525856463,1948.38617028629,3.71112894687409,0.195677025219394,366396,0.00263731122954476,1584.94756067206,17376,22084,58071844644,3342072.09046961,16.8989113530327,364378,0.0697236162974643,237.954039123347,0.0697236162974643,0.0693395993931087,570.822706065319,34.3452566096423,0.275997903330845,0.35077910319742,0.349203159227476
"333","京葉銀行","8544","A","-","SP","Bank",7.82132551125923e-05,53443.6265819989,0.00214536525856463,1948.38617028629,3.71112894687409,0.195677025219394,366396,0.00263731122954476,1584.94756067206,17376,22084,58071844644,3342072.09046961,16.8989113530327,364378,0.0697236162974643,237.954039123347,0.0697236162974643,0.0693395993931087,570.822706065319,34.3452566096423,0.275997903330845,0.35077910319742,0.349203159227476
"334","北日本銀行","8551","A","-","NonSP","Bank",0.000291456138978296,53730.2115333593,0.00846917183244149,1849.05918900048,3.4484150476293,0.153875433543884,213670,0.0242978670368679,644.501016333598,3264,4116,13771053216,4219072.67647059,11.4419642857143,213373,0.134286015953181,386.578231292517,0.134286015953181,0.134099359208022,954.883928571429,18.375,0.145636266285918,0.18365161520614,0.420564360262853
"335","南日本銀行","8554","BBB","","NonSP","Bank",0.000219079469703319,30993.3194981489,0.00388845781931666,1746.19355937703,5.63657863618447,0.281851151056449,40361,0.00363729595915083,1866.77138078838,2935,4420,7534475970,2567112.76660988,9.80241935483871,40239,0.0492589374197548,185.376470588235,0.0492589374197548,0.0491100414467807,163.745967741935,17.8225806451613,0.183747574031178,0.27671695986978,0.176796578519366
"336","東和銀行","8558","BBB","+","NonSP","Bank",8.83163806989272e-05,55822.0339305626,0.00302377292994606,1630.41343190011,2.93714830142615,0.154655337294433,178218,0.00398874017622945,1235.97922707022,6809,8282,22027374589,3235038.12439418,13.023102310231,176970,0.0737542501663648,291.762376237624,0.0737542501663648,0.0732377742536758,589.178217821782,27.3333333333333,0.186870488788868,0.227296429453577,0.17615709000595
"337","豊和銀行","8559","BBB","-","NonSP","Bank",6.39093668212539e-05,96386.4971034483,0.0017478550694232,3524.31966915473,3.65644543070405,0.134288852543431,16045,0.00141438040089244,4355.26397008414,1506,1805,6988021040,4640120.2124834,0.95646437994723,15778,0.0308526246363351,288.118005540166,0.0308526246363351,0.03033921542612,22.1675461741425,2.38126649076517,0.129615285308546,0.155348997331956,0.120528211284514
"338","福島銀行","8562","BBB","","NonSP","Bank",6.04285714285714e-05,38888.8888888889,0.00105871428571429,2219.67345837269,5.73190148717775,0.204904384009223,39072,0.00139542857142857,1684.07043407043,1939,2565,6.58e+09,3393501.80505415,8.21359223300971,38698,0.0490788298557857,310.373099415205,0.0490788298557857,0.0486090437591932,190.669902912621,12.4514563106796,0.145636172450053,0.192654348805768,0.103789744138743
"339","大東銀行","8563","BBB","+","NonSP","Bank",0.000121560809298961,50427.4365673575,0.003209079395742,1910.20515358194,3.8685107235919,0.16024826025812,113437,0.00893101912205067,686.37183687862,1987,2923,7785996206,3918468.14594867,10.7972027972028,113256,0.122934288454557,315.68422853233,0.122934288454557,0.122738134587562,794.265734265734,20.4405594405594,0.152062447386546,0.223693273130787,0.134775825815641
"340","リコーリース","8566","BBB","+","SP","General",0.000560441539594042,61469.3907681325,0.00612398407168172,5625.42286145098,9.15158388777681,1.50856461498433,38930,0.00124603021909743,27647.8045812998,25597,42510,1.07633e+11,4204906.82501856,12.5071428571429,24238,0.0401599796982173,22.8034109621266,0.0401599796982173,0.0250037911103363,28.8071428571429,30.3642857142857,0.67894750802366,1.12755629824143,0.13724638613649
"341","リコーリース","8566","AA","-","J1","General",0.000560441539594042,61469.3907681325,0.00612398407168172,5625.42286145098,9.15158388777681,1.50856461498433,38930,0.00124603021909743,27647.8045812998,25597,42510,1.07633e+11,4204906.82501856,12.5071428571429,24238,0.0401599796982173,22.8034109621266,0.0401599796982173,0.0250037911103363,28.8071428571429,30.3642857142857,0.67894750802366,1.12755629824143,0.13724638613649
"342","イオンフィナンシャルサービス","8570","A","","J1","General",0.000181959060734411,73917.7260297672,0.00219742937238572,6120.788303379,9.79046584732802,0.64184831412143,62282,0.000288329073162718,46648.0880768119,58070,87649,2.90534e+11,5003168.5896332,39305,57374,0.0110252107742661,64.4508551152894,0.0110252107742661,0.0101563925847394,62283,87649,0.119164636811551,0.179863290027477,0.124381253065622
"343","アコム","8572","A","+","J1","General",6.3383190619034e-05,70838.9709660916,0.000328816139633642,13655.0474833828,20.4447326971185,8.14504691541117,113179,7.22443390139848e-05,62150.1983585294,112720,116445,7.0341e+11,6240330.0212917,6619.8,112066,0.160769963962096,6.04560951522178,0.160769963962096,0.159188955383739,7546.26666666667,7763,0.423256582405864,0.437243725499031,0.235415987903394
"344","ジャックス","8584","A","","J1","General",0.000463950662902114,54768.7545935484,0.00496454290910777,5118.29597713492,9.57910783338532,0.36287997602651,141114,0.00402273019015478,6316.60558846039,35728,45577,89136148101,2494854.12284483,1.26241079739373,141114,0.0327349759975058,94.5828378348728,0.0327349759975058,0.0327349759975058,11.9458578963698,3.53529320508843,0.22239651416122,0.283703703703704,0.21200981482965
"345","オリエントコーポレーション","8585","A","","J1","General",1.24670867429028e-05,109889.345301933,0.000150744372872102,9088.233105473,8.33455087932453,0.390631476135385,54578,3.13894293608041e-05,43645.2661898567,32280,56217,2.38207e+11,7379399.0086741,2.54186210131332,54578,0.0103228339695342,94.0483127879467,0.0103228339695342,0.0103228339695342,7.39985928705441,6.59204971857411,0.139985082134989,0.243790005030443,0.125682826072567
"346","オリックス","8591","AA","","NonSP","General",0.000149630813593905,127781.167132402,0.0024135373077753,7921.98236936475,6.35254400262048,1.41843867050277,1095676,0.000852185687558815,22436.4246890504,192385,508340,2.45831e+12,12778075.2137641,192384,1095676,0.104749760467031,20.5766573553134,0.104749760467031,0.104749760467031,1095677,508340,0.25390320835148,0.670889918306476,0.0623717474155772
"347","オリックス","8591","A","-","SP","General",0.000149630813593905,127781.167132402,0.0024135373077753,7921.98236936475,6.35254400262048,1.41843867050277,1095676,0.000852185687558815,22436.4246890504,192385,508340,2.45831e+12,12778075.2137641,192384,1095676,0.104749760467031,20.5766573553134,0.104749760467031,0.104749760467031,1095677,508340,0.25390320835148,0.670889918306476,0.0623717474155772
"348","三菱ＨＣキャピタル","8593","AA","","J1","General",5.67293649230731e-05,105060.227768845,0.000559837852168067,10645.939671494,10.3129054764965,1.38468119985404,199314,0.000135873158612752,43864.4399000572,171355,316010,8.7428e+11,5102156.34209682,1.26463839034694,196666,0.0384138525308479,16.419091168001,0.0384138525308479,0.0379035026231561,4.02895004787016,4.80236463383128,1.06709386540126,1.96791650319776,0.21154246188242
"349","三菱HCキャピタル","8593","A","-","SP","General",5.67293649230731e-05,105060.227768845,0.000559837852168067,10645.939671494,10.3129054764965,1.38468119985404,199314,0.000135873158612752,43864.4399000572,171355,316010,8.7428e+11,5102156.34209682,1.26463839034694,196666,0.0384138525308479,16.419091168001,0.0384138525308479,0.0379035026231561,4.02895004787016,4.80236463383128,1.06709386540126,1.96791650319776,0.21154246188242
"350","九州リースサービス","8596","BBB","","NonSP","General",9.62532367944451e-05,67322.4113370697,0.00123429941322516,5249.94173258827,7.83415919212193,1.68189438672798,1267,4.88201965646765e-05,132731.952265193,4176,6727,16817138352,4027092.51724138,3.7172619047619,1250,0.0108764700832689,17.3167831128289,0.0108764700832689,0.0107305348098549,2.88541666666667,10.0104166666667,0.685601707437202,1.10441635199475,0.135202512383851
"351","トモニホールディングス","8600","A","","NonSP","Bank",8.44078172608135e-05,35304.7868871201,0.00148527830860611,2006.35798875744,5.78116895068855,0.313527770461374,228257,0.0013941154229017,2137.55615284526,16914,19468,48791215478,2884664.50739033,8.20178041543027,224852,0.0548072991239025,213.926392027943,0.0548072991239025,0.0539897169532926,136.46409495549,11.5537091988131,0.239280207110218,0.275411320327642,0.67656
"352","大和証券グループ本社","8601","BBB","+","SP","Secc",8.50704989270044e-05,67473.4493437645,0.000936719362527144,6127.76913729449,10.8405926643576,0.553910770889521,390979,0.000230071721762098,24948.741879436,167091,217654,9.75443e+11,5837794.97399621,227.306603773585,361650,0.0159534499842069,112.598385510949,0.0159534499842069,0.014756713753906,615.746855345912,342.223270440252,0.290001943863985,0.377758724825226,0.675396225499905
"353","大和証券グループ本社","8601","A","+","NonSP","Secc",8.50704989270044e-05,67473.4493437645,0.000936719362527144,6127.76913729449,10.8405926643576,0.553910770889521,390979,0.000230071721762098,24948.741879436,167091,217654,9.75443e+11,5837794.97399621,227.306603773585,361650,0.0159534499842069,112.598385510949,0.0159534499842069,0.014756713753906,615.746855345912,342.223270440252,0.290001943863985,0.377758724825226,0.675396225499905
"354","野村ホールディングス","8604","AA","-","NonSP","Secc",4.73521062968281e-05,115728.748487944,0.000852450173424059,6428.52822469182,5.68161493882234,0.360133294195568,665770,0.000205893648013527,26615.6826734157,368479,432325,1.77199e+12,4808930.76674654,0.710967064909014,545895,0.0167447060966681,91.9679153414676,0.0167447060966681,0.0137297435069778,4.09138524259042,2.00742467369047,0.227845056531673,0.267323549144064,0.619820586617504
"355","野村ホールディングス","8604","A","-","SP","Secc",4.73521062968281e-05,115728.748487944,0.000852450173424059,6428.52822469182,5.68161493882234,0.360133294195568,665770,0.000205893648013527,26615.6826734157,368479,432325,1.77199e+12,4808930.76674654,0.710967064909014,545895,0.0167447060966681,91.9679153414676,0.0167447060966681,0.0137297435069778,4.09138524259042,2.00742467369047,0.227845056531673,0.267323549144064,0.619820586617504
"356","岡三証券グループ","8609","BBB","+","NonSP","Secc",3.92575041038476e-05,101381.890949352,0.000913978475774237,4354.58832510089,4.86738837876785,1.04334728887981,40941,0.000196628514254419,20241.214836472,10540,15538,82869557662,7862386.87495256,6.84589614740369,40136,0.0690246419033746,38.1732526708714,0.0690246419033746,0.0676674489493135,35.2889447236181,13.0134003350084,0.156707652507471,0.231017410309401,0.567001990424445
"357","東海東京フィナンシャル・ホールディングス","8616","BBB","+","J2","Secc",4.92244066711946e-05,78619.5357488111,0.000662685541561438,5839.87390290936,7.7470360505638,0.905497720195769,73074,0.00028042599930544,13800.432233763,16954,20139,1.00845e+11,5948153.82800519,5.52649719948298,72763,0.0587466355383621,61.7649337107106,0.0587466355383621,0.058496612224291,32.483843171047,8.67686342093925,0.244427784665955,0.290346299126323,0.470944444444444
"358","マネックスグループ","8698","BBB","+","NonSP","Secc",8.22243826800608e-05,83187.0033809166,0.000349515402785961,19569.9529848438,23.775021490851,1.51991606774532,57696,0.000222765682903305,30704.9089018303,26357,34506,1.77155e+11,6721364.34343818,5.05723106150558,57072,0.0440224171279676,37.9819451689561,0.0440224171279676,0.043546301135735,14.7012586084066,8.19425314652102,0.338322315640845,0.442924074192927,2.53578987877622
"359","フィデアホールディングス","8713","BBB","+","NonSP","Bank",2.57434765938266e-05,47002.1986187429,0.000581689210585349,2080.14860509856,4.43646685590249,0.16495626206751,469629,0.00227510033294735,531.84467624444,7022,9866,24976968346,3556959.32013671,8.55716586151369,468843,0.151425475118068,314.351003446179,0.151425475118068,0.151172040122694,757.246376811594,15.8872785829308,0.132014814536294,0.185482506439059,0.390111111111111
"360","アニコムホールディングス","8715","A","","NonSP","Insc",2.96645543995289e-05,290582.487230514,0.000316286627484529,27253.7605163899,9.37900999338959,4.34915883806055,4231,5.2035957572308e-05,165654.681919168,3302,4293,70088495920,21226073.8703816,301.5,3376,0.142261524494805,6.92778942464477,0.142261524494805,0.113513331764231,529.875,536.625,0.0687215134550147,0.0893462923265833,0.408082555768399
"361","MS&ADインシュアランスグループホールディングス","8725","AA","","NonSP","Insc",0.000339817761209596,99465.0776336336,0.00526698747222886,6417.33062366611,6.54034075250863,0.835565835970515,323912,0.000545643620680041,61945.1941138334,246935,321232,2.00648e+12,8125539.10948225,13.8178642372765,290216,0.0154127076611738,65.422825247796,0.0154127076611738,0.0138093505847119,23.1872731008973,22.0036988834852,0.0504747923447808,0.0656614837690025,2.46594699314945
"362","第一生命ホールディングス","8750","A","+","NonSP","Insc",0.000432019741083606,46571.9458780619,0.00430383932095887,4674.89571509315,10.0399295993994,0.758785794914764,79904,7.1538329240155e-05,281247.831948338,560516,632342,2.24728e+12,4009305.71116614,14.4145059146851,41738,0.00135922187405506,92.9664263958428,0.00135922187405506,0.000709992022668577,3.38690405066316,18.8894133110288,0.0716057602858323,0.0807815114477799,1.63118753173886
"363","東京海上ホールディングス","8766","AAA","","NonSP","Insc",0.000348636559139785,149439.290384663,0.00533731899641577,9761.455149109,6.63680693969822,0.943801772984574,1177873,0.00168870681003584,30852.0103610491,356163,437814,3.63398e+12,10203137.3275719,21.2286337843736,1151649,0.0534362413994328,50.3469212953446,0.0534362413994328,0.052246544382472,103.826102138804,38.22034046268,0.0652170449874066,0.0801681683221346,2.37442
"364","NECキャピタルソリューション","8793","A","-","J1","General",0.000282770022383832,75856.6973230415,0.0052887607159111,4055.77055801905,6.37124620696871,0.575708668154867,28765,0.0013358317776106,16057.4110898662,11762,26459,46189143000,3926980.36048291,1.5977433744424,28000,0.0304788888794704,35.6690729052496,0.0304788888794704,0.02966830831306,8.54788769351876,6.94279716609814,0.455414875905061,1.02447051535215,0.10735033062113
"365","T&Dホールディングス","8795","AA","-","NonSP","Insc",0.000301913112164297,46304.7129678564,0.00245364454976303,5697.64679295139,12.3694918962162,1.0690162115284,500485,0.00079065560821485,17681.5289169506,219491,242247,8.84934e+11,4031755.28837173,123.059240180296,489403,0.0306592312076099,67.3862669093941,0.0306592312076099,0.0299803585136376,323.269800386349,155.986477784932,0.09092596251874,0.100352823770802,1.05977471017957
"366","三井不動産","8801","AA","","J1","General",0.000198677976937874,128499.395823741,0.00275094838205193,9280.43585498219,7.50502956704642,2.47766331368804,187862,0.000194578469937978,131206.705490786,299354,437198,2.46488e+12,8233997.20731976,6.9052161704885,187862,0.0369372201744364,11.6331296117549,0.0369372201744364,0.0369372201744364,7.76273443968465,15.7384355088376,0.752306397094857,1.09872208888833,0.116423167181201
"367","三井不動産","8801","A","","SP","General",0.000198677976937874,128499.395823741,0.00275094838205193,9280.43585498219,7.50502956704642,2.47766331368804,187862,0.000194578469937978,131206.705490786,299354,437198,2.46488e+12,8233997.20731976,6.9052161704885,187862,0.0369372201744364,11.6331296117549,0.0369372201744364,0.0369372201744364,7.76273443968465,15.7384355088376,0.752306397094857,1.09872208888833,0.116423167181201
"368","三菱地所","8802","AA","+","NonSP","General",0.000144641092337348,118361.937975902,0.00148147937234765,11556.0164519001,10.8680274312868,3.31435768253669,207414,0.000149060132293537,114852.977362762,280267,374053,2.38221e+12,8499787.70244089,9.31696139246366,-108370,0.0517103785996309,10.7232691623914,0.0517103785996309,-0.0270177217007627,10.601610961948,17.3156652161837,0.881997331352828,1.17714089701791,0.140040618060072
"369","三菱地所","8802","A","+","SP","General",0.000144641092337348,118361.937975902,0.00148147937234765,11556.0164519001,10.8680274312868,3.31435768253669,207414,0.000149060132293537,114852.977362762,280267,374053,2.38221e+12,8499787.70244089,9.31696139246366,-108370,0.0517103785996309,10.7232691623914,0.0517103785996309,-0.0270177217007627,10.601610961948,17.3156652161837,0.881997331352828,1.17714089701791,0.140040618060072
"370","平和不動産","8803","BBB","+","NonSP","General",0.000262892461440295,149680.975195771,0.00305298538888167,12889.0233616264,8.6109963839884,2.67888281985457,8292,0.0002133813909811,184411.582561505,15553,20638,1.52914e+11,9831800.93872565,7.67543200601052,-18602,0.0315629603407521,12.7295765093517,0.0315629603407521,-0.0708073068329318,7.22990232907588,15.5056348610068,1.0124991862509,1.34353232211445,0.137673109351556
"371","ダイビル","8806","A","","J1","General",0.000106387556709718,131124.357316176,0.00145453693342683,9590.68118479079,7.40171860165571,3.10716679190106,13659,0.000118721212181212,117502.169525588,17206,24455,1.60496e+11,9327908.86899919,10.9677419354839,8002,0.060283077574907,9.26522183602535,0.060283077574907,0.0353162886561539,13.239247311828,21.913082437276,1.05778925365794,1.50344276404771,0.10582674453291
"372","住友不動産","8830","AA","-","J1","General",0.000441850862492741,80389.11545767,0.00315703689975091,11251.0563315882,13.9957459010885,3.70763805976594,225947,0.000474592847596952,74843.1001011742,285705,347393,1.69106e+12,5918902.36432684,11.4843587923787,-129484,0.054175553181822,12.0055527889163,0.054175553181822,-0.0310465167857729,13.3353715128023,18.9656057214609,0.992351696902125,1.20661533064497,0.20421948528584
"373","テーオーシー","8841","A","","NonSP","General",6.36759158479583e-05,100666.004008571,0.000984106189135291,6513.52473012318,6.51566896492472,5.388625887076,3723,3.90745730512525e-05,164045.298501209,9603,11565,61074064632,6359894.26554202,233.346153846154,1966,0.197789937842002,1.62758322524859,0.197789937842002,0.104446687563088,144.192307692308,444.807692307692,1.3289510102408,1.60047052311099,0.10485913955012
"374","東京楽天地","8842","BBB","+","NonSP","General",4.63814911434389e-05,854866.866556291,0.00468990594386488,8454.32733077906,0.988964207355012,0.743769086789479,1645,0.000252640903744891,156942.123829787,881,3335,25816979370,29304176.3564132,17.7647058823529,791,0.163421418636996,3.01829085457271,0.163421418636996,0.0785813630041725,97.7647058823529,196.176470588235,0.904517453798768,3.42402464065708,0.0284781484354797
"375","イオンモール","8905","BBB","","SP","General",1.87565696060627e-05,886089.532844424,0.00170288381686383,9759.91423220452,1.13113537580833,0.306125596130825,61621,0.000270805664408432,61372.4237870207,25558,91432,3.78183e+11,14797049.8474059,0.43720549067814,4086,0.0612101574233743,11.0104996062648,0.0612101574233743,0.0040587576188622,7.31233353820938,9.36611350133169,0.413821019737375,1.48041644403426,0.0645397521237159
"376","イオンモール","8905","A","","NonSP","General",1.87565696060627e-05,886089.532844424,0.00170288381686383,9759.91423220452,1.13113537580833,0.306125596130825,61621,0.000270805664408432,61372.4237870207,25558,91432,3.78183e+11,14797049.8474059,0.43720549067814,4086,0.0612101574233743,11.0104996062648,0.0612101574233743,0.0040587576188622,7.31233353820938,9.36611350133169,0.413821019737375,1.48041644403426,0.0645397521237159
"377","東祥","8920","BBB","+","NonSP","General",1.23711340206186e-05,1351533.33333333,0.00097737178650659,17107.1031830805,1.36911123306664,0.614785992217899,1448,3.77919874722693e-05,442421.82320442,3005,5465,64062680000,21318695.5074875,3.31468531468531,-2433,0.0365177040250177,7.25562671546203,0.0365177040250177,-0.0613588217492182,11.1258741258741,38.2167832167832,1.0437651962487,1.89822855158041,0.08015898420828
"378","東武鉄道","9001","A","","NonSP","General",0.000106183806194112,267084.040556578,0.00215953144835813,13132.4783538401,5.00703443502025,1.32416283654592,39504,0.000188279773773158,150626.907137505,38441,101109,5.95037e+11,15479227.9077027,3.53634920634921,39504,0.0321329306413816,12.1590857391528,0.0321329306413816,0.0321329306413816,7.27047619047619,16.0490476190476,0.385385024111001,1.01365454600138,0.082929912671292
"379","相鉄ホールディングス","9003","A","-","NonSP","General",0.000122848221496128,175663.918754251,0.00141941302881348,15203.467603816,8.65939843144015,1.94652976219305,11837,0.000120606651559232,178928.771514742,21680,49148,2.11798e+11,9769280.44280443,4.2770485987939,-41371,0.0246552287956076,9.76847481077562,0.0246552287956076,-0.0861714514237629,5.19900673997872,17.4345512593118,0.417806899209867,0.947157448448641,0.14882954623464
"380","東急","9005","AA","-","J1","General",8.91625635030612e-05,163858.007508929,0.00120431153573484,12131.412484632,7.93259818752625,2.25014650285272,85890,0.000137452617415022,106291.17345861,82222,197336,9.12935e+11,11103293.5224149,6.47321947252237,85890,0.0498340026991242,8.73394616288969,0.0498340026991242,0.0498340026991242,10.9790867898222,22.9273846868828,0.436204865937377,1.0469086549174,0.10526760520103
"381","京浜急行電鉄","9006","A","+","J1","General",0.000119803214634616,108177.397739504,0.000903142246813138,14349.8989729814,13.3791494721155,3.55598657988296,7219,2.61785091396704e-05,495062.569486078,42502,83724,3.57386e+11,8408686.65004,8.03233649404328,-35465,0.0106161452466316,8.12194830633988,0.0106161452466316,-0.0521542583698283,2.7551665451009,20.3559445660102,2.3786657712111,4.68569509738079,0.164511346878109
"382","小田急電鉄","9007","AA","-","J1","General",0.000111970842956403,232381.924731344,0.000956467255399577,27204.2768355199,11.7929678345023,3.10935375841374,27178,7.37535098487462e-05,352796.769311208,49438,116447,9.58831e+11,19394615.4779724,7.64659006671609,-33475,0.0278880578406816,8.36894896390633,0.0278880578406816,-0.0343495745167715,6.03669384729429,21.5802446256486,0.866649136646507,2.041318257516,0.133141405178021
"383","京王電鉄","9008","AA","","J1","General",0.000163880699953474,372832.188398918,0.00267905699247527,22806.5323625488,6.117956596108,2.30839863952734,6897,5.36519289684866e-05,1138822.05495143,30986,74856,7.85446e+11,25348415.4134125,6.81559365901003,6897,0.0121377120843885,7.59096131238645,0.0121377120843885,0.0121377120843885,3.23131672597865,24.2174053704303,1.16126372596784,2.80538170370648,0.0863301334960416
"384","京成電鉄","9009","A","+","NonSP","General",0.000187545837005876,173024.36843204,0.00229708994807964,14126.5691520387,8.53981903559601,3.58999353834471,9282,5.38364143834404e-05,602751.880332902,39910,70641,5.59474e+11,14018391.3806064,13.1818181818182,9282,0.0183928362657113,7.1439107600402,0.0183928362657113,0.0183928362657113,4.78393803505911,28.7977986139421,2.13822662737744,3.78467720332173,0.0967857714488037
"385","富士急行","9010","BBB","+","NonSP","General",6.79241650019355e-05,744948.428862661,0.000449706073116355,112517.937881857,15.6402080886055,3.66925522386591,2888,5.261936387489e-05,961623.179639889,4605,12116,2.77717e+11,60307709.0119435,7.84842105263158,2888,0.0375459899374667,6.34854737537141,0.0375459899374667,0.0375459899374667,7.08,25.5073684210526,0.151226560704082,0.397885126925224,0.17594467581095
"386","東日本旅客鉄道","9020","AAA","","J1","General",0.00186168478807321,39104.3642115945,0.0067667154231815,10758.5431700882,27.7547734205592,7.89095847885138,189968,0.000502650738597696,144832.175524299,792278,1272308,2.75135e+12,3472707.81215684,11.5983548456225,189968,0.0298736070657006,4.99804921449838,0.0298736070657006,0.0298736070657006,4.13152992763299,20.9733775118276,19.8367050575864,31.8554832248373,0.276498799118027
"387","JR東日本","9020","A","+","SP","General",0.00186168478807321,39104.3642115945,0.0067667154231815,10758.5431700882,27.7547734205592,7.89095847885138,189968,0.000502650738597696,144832.175524299,792278,1272308,2.75135e+12,3472707.81215684,11.5983548456225,189968,0.0298736070657006,4.99804921449838,0.0298736070657006,0.0298736070657006,4.13152992763299,20.9733775118276,19.8367050575864,31.8554832248373,0.276498799118027
"388","西日本旅客鉄道","9021","AA","+","NonSP","General",0.00143591458937097,41207.1863034141,0.00499665768588519,11841.9158805188,32.2119228902328,7.89607099048931,103295,0.000539866046112959,109601.26206496,309308,482776,1.13213e+12,3660202.77522728,13.4314348570032,103295,0.0409345578100814,5.22689197474605,0.0409345578100814,0.0409345578100814,6.04986555854314,23.6018577364947,0.344375019484019,0.537509519334827,0.283880927283666
"389","東海旅客鉄道","9022","AAA","","NonSP","General",0.00130376699029126,121609.153461218,0.0178961601941748,8859.44237644947,7.37336702800126,2.79755884408622,169354,0.000822106796116505,192858.155107054,353348,552710,3.26613e+12,9243380.46345246,3.39004102240454,-300831,0.0286372798355023,10.6995712037054,0.0286372798355023,-0.0508696666756852,3.13763332281477,6.97645945093089,0.429071895297851,0.671157972452299,0.0934942355258409
"390","JR東海","9022","A","+","SP","General",0.00130376699029126,121609.153461218,0.0178961601941748,8859.44237644947,7.37336702800126,2.79755884408622,169354,0.000822106796116505,192858.155107054,353348,552710,3.26613e+12,9243380.46345246,3.39004102240454,-300831,0.0286372798355023,10.6995712037054,0.0286372798355023,-0.0508696666756852,3.13763332281477,6.97645945093089,17.4570426362334,27.3064571908503,0.0934942355258409
"391","西武ホールディングス","9024","A","-","NonSP","General",0.000222498455155231,55326.2268334028,0.00119236851012165,10323.9895179252,24.0106491582761,4.23727566195289,24264,7.50132349018552e-05,164104.374596109,87703,165767,3.98183e+11,4540129.75610869,7.22662917963651,24264,0.0184825058329125,7.91960402251353,0.0184825058329125,0.0184825058329125,3.43638919570238,16.6449442715132,0.260199192431044,0.491801187322176,0.231066743598458
"392","鴻池運輸","9025","A","-","J1","General",0.000156376086560081,80638.9280956658,0.00184009668979602,6852.90075783889,8.76963221899463,3.44129398217915,14465,0.000253983841465481,49648.8277649499,13631,23084,71817029362,5268654.49064632,34.9254901960784,1800,0.0939291813583205,6.67124415179345,0.0939291813583205,0.0116883875869324,57.7254901960784,90.5254901960784,0.696845764531466,1.18010326670416,0.133395312423546
"393","西日本鉄道","9031","A","+","NonSP","General",0.00015859337829677,164950.140295566,0.00214145163419854,12216.0125319807,7.66700374029898,1.7781758791982,9939,0.000125239121793389,208880.417120435,16304,39866,2.07606e+11,12733439.6467125,6.293,9939,0.0184788550137769,13.4916470175087,0.0184788550137769,0.0184788550137769,5.9695,19.933,0.803390164580664,1.96442298216222,0.0930341374342002
"394","近鉄グループホールディングス","9041","BBB","+","NonSP","General",0.00043797386623236,84137.4402472906,0.00177536106672003,20756.3411695628,26.046881579563,4.27125062914056,25470,0.000133587142960759,275849.899797801,97051,180618,7.0259e+11,7239389.59928285,10.6186419125127,25470,0.0157557469504557,8.95012125037372,0.0157557469504557,0.0157557469504557,4.23880976602238,22.9677009155646,1.49606141419124,2.78426415501534,0.260963794839666
"395","阪急阪神ホールディングス","9042","AA","-","J1","General",0.000161289824656256,199950.617273791,0.00357865362421241,9011.76905800645,4.72962609741556,1.56476771709421,32501,0.000127815097436252,252317.610727362,79769,137271,8.20057e+11,10280397.1467613,4.61598199212155,32501,0.0189948581040091,12.4647012114722,0.0189948581040091,0.0189948581040091,4.6579628587507,15.4497467642093,2.98302232526831,5.1333532777383,0.0863461129419584
"396","南海電気鉄道","9044","A","-","J1","General",1.05553278806702e-05,2194152.58927318,0.00228010073080787,10157.4459790617,0.485598377281947,0.124398661857001,21338,0.000188161726247069,123085.605462555,12290,43820,2.6264e+11,21370219.6908055,0.288503253796095,21338,0.0303243043515334,16.0579643998174,0.0303243043515334,0.0303243043515334,6.14292600626657,10.5615811038805,0.994336569579288,3.5453074433657,0.0477678536725667
"397","京阪ホールディングス","9045","A","","J1","General",8.63206103144577e-06,3475415.64994882,0.0021964045159798,13658.6861763109,0.399887032936448,0.127838251245998,15282,0.000135020631200158,222188.266588143,8768,32635,3.39548e+11,38725821.1678832,0.468360498561841,15282,0.0296362663191455,15.8005821970277,0.0296362663191455,0.0296362663191455,8.32598274209012,15.6447746883988,0.215833005120126,0.803342851516345,0.0348868901608068
"398","名古屋鉄道","9048","A","+","NonSP","General",0.000114514086203621,160591.597153385,0.00207173648377404,8876.61154979485,6.05486337916482,1.89105984144481,19685,0.000100075906189491,183760.514395733,38347,87032,3.61733e+11,9433149.92046314,6.97152584339214,19685,0.0251206262226924,9.00380319882342,0.0251206262226924,0.0251206262226924,7.09254100897555,26.9365521510368,1.26207872564508,2.86440231700895,0.090664169956012
"399","山陽電気鉄道","9052","BBB","+","NonSP","General",3.71687314419435e-05,520329.83773494,0.00187375188071542,10321.5373385593,1.98365278906362,0.833291501430651,2020,9.04588403767781e-05,213798.893722772,2581,6544,43187376532,16732807.6450988,3.30677290836653,-3451,0.0349710882587168,8.82671149144254,0.0349710882587168,-0.0597451611786295,9.04780876494024,26.0717131474104,0.454001759014952,1.15109938434477,0.061919727466833
"400","丸全昭和運輸","9068","A","-","NonSP","General",0.000496971693959359,69420.4527528309,0.00489296867525898,7050.93416486545,10.341833747249,6.48674662174998,11376,0.000551888909652642,62512.5806962025,13342,17499,71114311800,5330108.81427072,58.5371428571429,887,0.199358603648599,3.26092919595405,0.199358603648599,0.0155442230517148,66.0057142857143,99.9942857142857,0.916472042863031,1.2020195081742,0.138005223552533
"401","センコーグループホールディングス","9069","A","-","NonSP","General",0.00014777163647725,74845.2156561366,0.000952938107384528,11606.2102189991,16.7700480797768,5.19275835133024,31858,0.000208287266387586,53099.741485969,30595,51067,1.69165e+11,5529171.43324073,19.3014517506405,-1760,0.110042624332484,5.66914054085809,0.110042624332484,-0.00607932132667371,28.2058070025619,43.6097352690009,0.426405206896071,0.711725272121643,0.218586457570507
"402","トナミホールディングス","9070","A","-","NonSP","General",0.000740497065314238,66171.7679856115,0.00791045107929906,6194.33702437382,9.40460081190798,4.79383460342095,9581,0.000981558160317615,49920.6282225237,9570,14899,47828953900,4997800.82549634,29.2631578947368,5065,0.13024210540625,4.93744546613867,0.13024210540625,0.0688525481560023,39.7894736842105,60.3198380566802,0.702282233800543,1.09334409627945,0.128941854903361
"403","福山通運","9075","A","+","NonSP","General",0.000407743446102368,100430.798806069,0.00490185082711404,8353.98739053618,8.43568807986081,4.81858269251552,33219,0.000595638941779884,68749.7024248171,29327,46173,2.2838e+11,7787363.18068674,103.835616438356,15548,0.167312196227555,4.3000238234466,0.167312196227555,0.0783097030899796,152.684931506849,210.835616438356,1.01649856157499,1.60039513361755,0.110769079687866
"404","セイノーホールディングス","9076","AA","-","NonSP","General",0.000132998020322469,104437.644758336,0.00203502716487334,6825.46171361036,6.58803606354052,4.10875764413973,38685,0.000186272344092347,74568.235385033,40352,60757,2.88467e+11,7148765.86042823,67.8648648648649,38685,0.154979908898976,4.10838257320144,0.154979908898976,0.154979908898976,96.04914004914,149.280098280098,0.60961128820268,0.917876512622181,0.0943413209702062
"405","神奈川中央交通","9081","BBB","+","NonSP","General",0.000534523809523809,63420.9354120267,0.00437746031746032,7744.2164043803,13.2542212776007,4.23430446755272,40,3.17460317460317e-06,10678500,8738,17133,4.2714e+10,4888303.95971618,16.3868613138686,40,0.000384978152489846,6.0644370513045,0.000384978152489846,0.000384978152489846,1.09732360097324,41.6861313868613,1.15965494359655,2.27378898473789,0.15103014380531
"406","日本郵船","9101","A","","NonSP","General",0.00100213402599668,58674.7864803014,0.00392467504855397,14982.132093118,27.2523599426226,8.01785949526695,159336,0.000936966911747627,62755.6846061154,196298,319486,9.99924e+11,5093908.24155111,10.6657904618851,159336,0.109278853935482,4.56379309265508,0.109278853935482,0.109278853935482,10.9722117912129,19.9953686318688,0.841826735454432,1.37012020704946,0.336631082529475
"407","商船三井","9104","A","","J1","General",0.000831585468558533,67942.505173806,0.00579588867188399,9748.28938210684,17.3617084614812,4.78693274682316,98898,0.000819855249763259,68914.6041527635,122014,218110,6.81552e+11,5585850.8040061,8.01350055919476,98898,0.0708230897967572,6.40231534546788,0.0708230897967572,0.0708230897967572,8.90046333280077,17.4237098578048,1.51815353987806,2.71382356600722,0.182058140012011
"408","川崎汽船","9107","BBB","+","J2","General",0.00121200922363567,30692.8357264567,0.00336563722102958,11052.8846566001,52.1801699405117,11.6820301085154,33397,0.000355520860415625,104635.210312304,127218,177394,3.4945e+11,2746859.72110865,11.3219968178202,-8321,0.0507209399100306,3.71177153680508,0.0507209399100306,-0.0126373309276691,4.32110182975338,17.6406125696102,3.58967268623025,5.00547404063205,0.492714893221481
"409","飯野海運","9119","BBB","+","NonSP","General",7.49127640036731e-05,60336.8472664869,0.000733103764921947,6165.56648086679,10.2320331117522,3.32151247297556,19282,0.000177061524334252,25527.8498081112,9782,20865,49222800000,5031977.10079738,6.49522292993631,19282,0.116313579770292,7.94517133956386,0.116313579770292,0.116313579770292,16.3519108280255,16.6122611464968,0.734053729551253,1.56573615488519,0.127649856782133
"410","日本航空","9201","A","","NonSP","General",0.00092436007855544,24698.1674453942,0.00224533820130003,10167.7333003917,42.6486000977351,19.1753441286133,219519,0.000502166908578076,45462.9717928744,417050,607635,9.97999e+11,2392996.04363985,138.051930304066,219519,0.19499904063446,1.85266483991212,0.19499904063446,0.19499904063446,75.9979501195764,207.59651520328,0.866642422983012,1.26268377578056,0.410653658613437
"411","ANAホールディングス","9202","A","-","NonSP","General",0.00112611862704489,22768.4716194451,0.00209030241473725,12266.1677177572,54.1455651274333,17.0009941135634,270441,0.000558423695416425,45914.957066569,562810,814737,1.24173e+12,2206304.0813063,32.6785307687698,136267,0.123176151173981,2.69481194544988,0.123176151173981,0.0620647187076845,17.2047456408413,48.8188028042423,0.772366035711002,1.11809524855115,0.540854030626709
"412","三菱倉庫","9301","AA","","J1","General",0.000637909601919102,50790.8956104864,0.00371562362612711,8719.93594081309,17.3398847324588,10.4731400755187,40176,0.000456749232177324,70936.0798387097,62129,77070,2.84993e+11,4587117.12726746,98.7869718309859,40176,0.1922922290506,2.71093810821331,0.1922922290506,0.1922922290506,71.7323943661972,135.68661971831,2.84291205271346,3.52658552210122,0.202643574125264
"413","三井倉庫ホールディングス","9302","A","","NonSP","General",0.000765180985799061,33207.829875,0.00275404872772184,9226.41627369435,30.3677948259913,7.98754882095557,21257,0.000854277952475348,29744.4174069718,25269,37459,63227708082,2502184.81467411,19.6491228070175,14466,0.1251574993229,4.53407725780186,0.1251574993229,0.0851732786943159,22.937048503612,38.6573787409701,0.71250528690258,1.05622444663753,0.409642460545833
"414","住友倉庫","9303","AA","-","J1","General",0.000162462901881082,97991.6018713798,0.002367583716623,6724.1550481296,7.12641366645675,3.8588065381353,20605,0.000248592610519805,64040.5198155787,17001,26094,1.31955e+11,7761602.25869067,33.749373433584,4817,0.134914814766314,5.85291637924427,0.134914814766314,0.0315401437869125,52.6416040100251,65.3984962406015,0.821502778448901,1.26088427156318,0.0923422872925476
"415","澁澤倉庫","9304","A","-","NonSP","General",0.000269356561125638,77815.0712661625,0.00317070588701468,6610.51537004414,8.55633949818394,3.92635803710835,6952,0.000456835036093056,45880.89429229,5670,8833,31896397712,5625466.9686067,30.362962962963,3681,0.123822245970256,6.35627759538096,0.123822245970256,0.0655623831151483,52.4962962962963,65.4296296296296,0.805054664205594,1.25415305977566,0.122247016590667
"416","東陽倉庫","9306","BBB","","NonSP","General",4.35601283490409e-05,72084.2687799183,0.000537826453346302,5838.31453522459,8.09929078014184,3.99375174857782,3079,7.82963427826602e-05,40104.0443065931,2306,3681,12348035242,5354742.08239376,50.3823529411765,1924,0.141621820523435,5.90627546862266,0.141621820523435,0.0884963893105193,91.5588235294118,108.264705882353,1.22010582010582,1.94761904761905,0.112463117852179
"417","中央倉庫","9319","BBB","+","NonSP","General",0.000101285624569595,97940.8483894355,0.00213045997573446,4656.27146859689,4.78112310587303,3.79326601972263,2902,0.000152216925168806,65170.1510130944,2555,3994,18912377824,7402104.82348337,48.275,601,0.282076205287714,2.57586379569354,0.282076205287714,0.0584175738724728,73.55,99.85,1.03357605177994,1.61569579288026,0.0644583480498511
"418","安田倉庫","9324","A","-","NonSP","General",0.000135408432147563,70158.1123814157,0.00251103425559947,3783.30163310815,5.41327047917517,2.79467848621016,3943,0.000129874835309618,73147.3497337053,5790,8964,2.8842e+10,4981347.15025907,12.0557184750733,-5275,0.0556410075495661,7.90551093261937,0.0556410075495661,-0.0744373103788894,12.5630498533724,26.2873900293255,0.91123701605288,1.41076487252125,0.0800210072419703
"419","朝日放送グループホールディングス","9405","A","-","NonSP","General",6.11957067386991e-06,1152041.6015625,0.00166614873425286,4231.31492109039,0.387667332969895,0.214983330394108,5952,0.000142280018167475,49550.1764112903,897,4009,29492265000,32878779.264214,8.82758620689655,-164,0.12053951152335,12.3167872287353,0.12053951152335,-0.00332131718579124,206.241379310345,138.241379310345,0.0345651419983816,0.154483449578051,0.0129259101814959
"420","スカパーJSATホールディングス","9412","A","","J1","General",6.68685889357882e-05,61912.4773812038,0.000791226184785843,5232.38497360973,8.48968405414751,5.15784504938169,57948,0.000194845929081865,21247.5570801408,23379,46702,1.23125e+11,5266478.46357843,15.6713947990544,46504,0.385669504103079,3.2172712089418,0.385669504103079,0.309504635514765,46.6643026004728,36.8022064617809,0.445110806488462,0.889155433706496,0.10071576734438
"421","日本電信電話","9432","AAA","","NonSP","General",0.000289135356295386,96944.2144991914,0.00210291895464613,13329.0918977506,14.9133901392716,4.91109008245937,3009064,0.000771398823746665,36336.5863897212,1694377,3227229,1.09339e+13,6453050.29518224,26.7327802796871,3009064,0.203832304518038,4.57434195094305,0.203832304518038,0.203832304518038,72.3217350082958,76.4927470964684,0.141860500942484,0.270197436931753,0.172318258162575
"422","日本電信電話","9432","A","","SP","General",0.000289135356295386,96944.2144991914,0.00210291895464613,13329.0918977506,14.9133901392716,4.91109008245937,3009064,0.000771398823746665,36336.5863897212,1694377,3227229,1.09339e+13,6453050.29518224,26.7327802796871,3009064,0.203832304518038,4.57434195094305,0.203832304518038,0.203832304518038,72.3217350082958,76.4927470964684,0.141860500942484,0.270197436931753,0.172318258162575
"423","ソフトバンク","9434","AA","-","J1","General",0.000114414746273508,124983.88945264,0.000574601333846744,24886.8200570764,36.2197892888034,4.47971890933419,1338949,0.000279696761316307,51126.7986540189,885640,1581982,6.84562e+12,7729574.09331105,8.51025481665631,1338949,0.14129956226071,5.98992908895297,0.14129956226071,0.14129956226071,21.8040553138595,24.5802050963331,0.353725835717427,0.631845789530652,0.39730262721095
"424","光通信","9435","BBB","","SP","General",0.00176521228670244,107239.226367287,0.00921661223517036,20539.0001412489,20.8848019031933,6.53780421436551,58121,0.00124858103097764,151612.10630581,115983,132446,8.81185e+11,7597535.8457705,13.9342038324572,58121,0.0702103011187309,6.25019253129577,0.0702103011187309,0.0702103011187309,10.8560284890622,22.4598948617941,0.392427077376985,0.448129438713192,0.310275503502481
"425","光通信","9435","A","","J1","General",0.00176521228670244,107239.226367287,0.00921661223517036,20539.0001412489,20.8848019031933,6.53780421436551,58121,0.00124858103097764,151612.10630581,115983,132446,8.81185e+11,7597535.8457705,13.9342038324572,58121,0.0702103011187309,6.25019253129577,0.0702103011187309,0.0702103011187309,10.8560284890622,22.4598948617941,0.392427077376985,0.448129438713192,0.310275503502481
"426","東京電力ホールディングス","9501","BB","+","SP","General",5.36769266957423e-05,54399.5377483416,0.000886040447370994,3295.56061313459,6.09199116884779,1.57438650211628,239825,6.76131420000021e-05,43186.8703868237,239407,651446,1.03573e+12,4326231.0625838,4.46083737494435,239825,0.0267950295597247,13.73921092462,0.0267950295597247,0.0267950295597247,6.61901080105902,15.2631381645229,1.6688066359961,4.54095915237697,0.0790162924256649
"427","東京電力ホールディングス","9501","A","","J1","General",5.36769266957423e-05,54399.5377483416,0.000886040447370994,3295.56061313459,6.09199116884779,1.57438650211628,239825,6.76131420000021e-05,43186.8703868237,239407,651446,1.03573e+12,4326231.0625838,4.46083737494435,239825,0.0267950295597247,13.73921092462,0.0267950295597247,0.0267950295597247,6.61901080105902,15.2631381645229,1.6688066359961,4.54095915237697,0.0790162924256649
"428","中部電力","9502","AA","","J1","General",0.000253704485488127,51910.7889427377,0.00277530870712401,4745.41803807036,9.4678623017518,3.38192456740249,384148,0.000506791556728232,25987.0154211398,247550,430213,9.98286e+11,4032664.10826096,9.93583053474554,384148,0.107224151420326,8.32764932719374,0.107224151420326,0.107224151420326,20.8474812709894,22.227486437613,1.69910909165786,2.95285324035307,0.121773380501354
"429","関西電力","9503","AA","","J1","General",0.000165431486235083,62624.1124696064,0.0018381765086889,5636.0202358311,9.21896222562047,1.92299048200447,369215,0.000393312037594569,26340.4091656081,207774,498360,9.72527e+11,4680696.33351622,6.91372095093936,369215,0.0581422907037372,12.7421883778794,0.0581422907037372,0.0581422907037372,17.4373163565132,22.1868043807319,1.42558972458935,3.41937343048866,0.123406480720076
"430","中国電力","9504","BBB","+","SP","General",4.81151342988244e-05,206172.135744041,0.00170563863397528,5816.00334467082,2.83447074308234,0.550282718528971,110228,0.000284713067612777,34842.0958798128,33227,116645,3.84057e+11,11558581.876185,17.4910798122066,110228,0.0404532698087178,23.359963993313,0.0404532698087178,0.0404532698087178,104.500469483568,109.525821596244,0.969197561473617,3.40241519120264,0.0508429708563751
"431","中国電力","9504","AA","","J1","General",4.81151342988244e-05,206172.135744041,0.00170563863397528,5816.00334467082,2.83447074308234,0.550282718528971,110228,0.000284713067612777,34842.0958798128,42807,126225,3.84057e+11,8971827.03763403,1.74992954438704,110228,0.0404532698087178,21.5870310952664,0.0404532698087178,0.0404532698087178,11.3549084077031,11.8576796618131,1.24863635037774,3.68185398010676,0.0655020029930132
"432","北陸電力","9505","AA","","NonSP","General",5.95767599650487e-05,96010.5921059772,0.00169131247226609,3381.98889548547,3.70055370985604,0.7853344079377,56639,0.00026928163017001,21241.7014721305,25879,80303,1.20311e+11,4648981.79991499,1.81188548293811,56639,0.045680812590835,15.4400956377719,0.045680812590835,0.045680812590835,9.18956043956044,11.6111914401388,1.45159299977563,4.50431904868746,0.0747736190327595
"433","東北電力","9506","AA","","NonSP","General",0.000108365255877771,76685.0955381228,0.00179273259184348,4635.38178410354,6.59372969519654,1.2188327610258,217617,0.000432739185032625,19203.252877073,87155,316266,4.17895e+11,4794848.25884918,3.52649970879441,217617,0.0609648787367136,11.2865341200129,0.0609648787367136,0.0609648787367136,15.0825082508251,20.4663172199573,0.333151126876854,1.20893091954374,0.0987194393646525
"434","四国電力","9507","AA","","NonSP","General",2.32555844040951e-05,310463.064464148,0.00147007298999155,4911.32076376798,1.59298448160453,0.362689664043668,52293,0.000234407146346057,30801.1087227736,19453,78511,1.61068e+11,8279854.00709402,0.914185022026432,52293,0.0474325831995428,14.0422361197794,0.0474325831995428,0.0474325831995428,10.2146255506608,13.8345374449339,3.01316604708798,12.1609355638166,0.0594346785293637
"435","四国電力","9507","A","-","SP","General",2.32555844040951e-05,310463.064464148,0.00147007298999155,4911.32076376798,1.59298448160453,0.362689664043668,52293,0.000234407146346057,30801.1087227736,19453,78511,1.61068e+11,8279854.00709402,0.914185022026432,52293,0.0474325831995428,14.0422361197794,0.0474325831995428,0.0474325831995428,10.2146255506608,13.8345374449339,3.01316604708798,12.1609355638166,0.0594346785293637
"436","九州電力","9508","AA","-","J1","General",0.000118635144117005,69962.4050004444,0.00143984324799882,5764.51638852761,8.60713050769141,1.0972684442721,253459,0.000534515065198685,15528.093669193,89828,277830,3.93574e+11,4381417.82072405,2.14239469875847,253459,0.0570330928705202,15.9956412194507,0.0570330928705202,0.0570330928705202,10.6526391956737,10.5807753827405,1.16061346047004,3.58967401837281,0.136029965722956
"437","北海道電力","9509","AA","-","NonSP","General",0.000192347725522401,25630.6643949675,0.00134576522080563,3663.34329627623,14.9443165332621,2.06884320435641,136547,0.000634239812535494,7773.08504221989,58502,137769,1.06139e+11,1814279.85368022,3.98182692307692,136547,0.0797626752714502,12.425988429908,0.0797626752714502,0.0797626752714502,14.1295192307692,13.2470192307692,1.08790330079033,2.56195258019526,0.217838298759667
"438","沖縄電力","9511","A","+","SP","General",0.00019911128036985,70463.1097441553,0.00286454996239546,4897.80251145193,7.02148879101547,2.65437403841876,31686,0.000556598149960217,25206.6953528372,14591,36937,79869934895,5473917.81886094,10.093499554764,31686,0.120042279613725,7.1461407261012,0.120042279613725,0.120042279613725,29.2154942119323,32.8913624220837,1.15627228781995,2.9270940645059,0.0915418952704504
"439","電源開発","9513","AA","+","J1","General",0.000353311179228095,45568.8949191329,0.00466364310293683,3452.23672666147,7.9928813747845,2.27568297935228,167959,0.000917552530413639,17546.6793086408,101533,203684,2.94712e+11,2902622.7925896,2.72357449675735,167959,0.0844747756093979,9.76156202745429,0.0844747756093979,0.0844747756093979,8.07314916196412,8.57761307167523,0.705477310468938,1.41524864335295,0.118677647696882
"440","電源開発","9513","A","","SP","General",0.000353311179228095,45568.8949191329,0.00466364310293683,3452.23672666147,7.9928813747845,2.27568297935228,167959,0.000917552530413639,17546.6793086408,101533,203684,2.94712e+11,2902622.7925896,2.72357449675735,167959,0.0844747756093979,9.76156202745429,0.0844747756093979,0.0844747756093979,8.07314916196412,8.57761307167523,0.705477310468938,1.41524864335295,0.118677647696882
"441","イーレックス","9517","A","-","NonSP","General",0.000229026582145957,134482.206001622,0.000920226544321026,33470.0190839695,30.770452379872,10.6061198476685,18704,0.000315838176838309,97518.2934131737,17588,22749,1.82398e+11,10370593.5865363,27.126,16746,0.254885394238369,3.22572420765748,0.254885394238369,0.228203101578044,38.408,45.498,0.716007164956847,0.926111382510992,0.396313571734379
"442","レノバ","9519","BBB","","NonSP","General",0.000165063094306423,298673.669042454,0.000317952337839704,155054.686293436,84.6315237345922,5.85274727267781,12469,0.000159449312279733,309189.166733499,18851,24866,3.85528e+11,20451328.8419712,5.56859361518551,7909,0.0637207305730726,7.86946030724684,0.0637207305730726,0.0404176163367096,6.37920621225194,10.7273511647972,0.917189704665985,1.20984771079648,0.902544705910516
"443","東京ガス","9531","AAA","","NonSP","General",0.000149589977249119,138913.050072827,0.00266314414485823,7802.80708429555,5.73610651283482,2.41693166829052,255574,0.00057765183194528,35973.2261733197,111295,301359,9.19382e+11,8260766.43155577,5.24063662997862,82922,0.16382140112315,5.17680573667951,0.16382140112315,0.053152504652014,21.2370734024863,23.862459418798,0.2014308932495,0.545424435588085,0.0952293757746291
"444","東京ガス","9531","AA","-","SP","General",0.000149589977249119,138913.050072827,0.00266314414485823,7802.80708429555,5.73610651283482,2.41693166829052,255574,0.00057765183194528,35973.2261733197,111295,301359,9.19382e+11,8260766.43155577,5.24063662997862,82922,0.16382140112315,5.17680573667951,0.16382140112315,0.053152504652014,21.2370734024863,23.862459418798,0.2014308932495,0.545424435588085,0.0952293757746291
"445","大阪ガス","9532","AA","+","NonSP","General",0.000260955649419219,78595.7309054122,0.00267494720168955,7667.44105717134,10.0505508461652,4.70031214378066,219797,0.000527495920130556,38881.8173132481,143746,269312,8.54611e+11,5945285.43402947,9.80743212771715,50190,0.183353785039362,4.451190440827,0.183353785039362,0.041868298799008,20.8247497068639,24.2907910165058,0.324976035882874,0.608851350129316,0.134200079915454
"446","大阪ガス","9532","AA","-","SP","General",0.000260955649419219,78595.7309054122,0.00267494720168955,7667.44105717134,10.0505508461652,4.70031214378066,219797,0.000527495920130556,38881.8173132481,143746,269312,8.54611e+11,5945285.43402947,9.80743212771715,50190,0.183353785039362,4.451190440827,0.183353785039362,0.041868298799008,20.8247497068639,24.2907910165058,0.324976035882874,0.608851350129316,0.134200079915454
"447","東邦ガス","9533","AA","+","NonSP","General",0.000126233017286803,422235.015415198,0.00340407770238296,15657.6919389027,3.70828836246704,2.21505894472738,64397,0.000609783783228432,87408.0312825132,21823,64016,5.62881e+11,25793016.5421803,17.9180107526882,64397,0.26572777314704,3.78564733816546,0.26572777314704,0.26572777314704,87.5551075268817,86.0430107526882,0.146207959265711,0.428889186654161,0.0639726790373172
"448","北海道ガス","9534","A","","J1","General",0.000338035042214353,46119.4789092729,0.0030575371046453,5098.87516207545,11.498264521449,3.96500532326432,22399,0.00126278300709795,12345.7473789008,7668,21310,27653239554,3606317.10406886,18.2249240121581,12159,0.2309460964243,4.55129047395589,0.2309460964243,0.125366024662845,69.0820668693009,64.7720364741641,0.223628568928811,0.621482107964653,0.146552630321563
"449","広島ガス","9535","A","","J1","General",0.000114047138652123,32442.7253829322,0.000877923687358758,4214.48931527464,13.6850449180905,6.72774665084822,13967,0.000205032357517595,18045.9320899263,8951,16409,25204753350,2815858.93754888,43.8926553672316,6810,0.250884661673043,3.3927113169602,0.250884661673043,0.12232580697311,79.909604519774,92.7062146892655,0.316827127283024,0.580808438340648,0.159923531145871
"450","西部ガスホールディングス","9536","AA","-","J1","General",0.000100544356666302,241286.540631185,0.00231585465109885,10475.6142569176,4.6712392089252,0.958892516329896,20748,0.000557928406555879,43482.2814449585,6815,27949,90217037542,13238009.910785,2.74926470588235,20748,0.0682931325047398,10.8700847973094,0.0682931325047398,0.0682931325047398,16.2558823529412,20.5507352941176,0.0960197252553716,0.393786544557943,0.0817513870145449
"451","メタウォーター","9551","A","+","NonSP","General",0.000213549465305216,93748.7713742875,0.00103233285354096,19392.9699431053,20.7505725979049,8.42492796926689,10404,0.000201010462049712,99596.8060361399,13733,14980,1.03621e+11,7545401.58741717,72.2418300653595,9669,0.133794575687041,5.19098798397864,0.133794575687041,0.124342536747213,69,97.9084967320261,0.463655086262197,0.505756440122894,0.26659807423513
"452","NTTデータ","9613","AA","+","J1","General",5.82538324420677e-05,290281.330705867,0.000803242780748663,21052.1655535317,7.6149758737775,2.82017870118035,352492,0.0002513311942959,67281.7397274265,122992,337316,2.37163e+12,19282798.881228,12.8057993730408,352492,0.199095380430485,5.24869262056944,0.199095380430485,0.199095380430485,56.2495297805643,52.8708463949843,0.210395586537228,0.577027755206774,0.116361544643875
"453","共立メンテナンス","9616","BBB","","NonSP","General",0.000379145053656292,95346.0941963685,0.00180480184788211,20029.8997047355,21.0075723327306,6.22092439506008,17835,0.000454744588564893,79495.1735744323,16548,22701,1.4178e+11,8567802.75562001,32.6813186813187,10736,0.106004861899469,7.41143561957623,0.106004861899469,0.0638109446230839,40.1978021978022,49.8923076923077,1.65695404025233,2.2730549714629,0.213884113792346
"454","イチネンホールディングス","9619","BBB","+","J2","General",0.000198478585460796,62424.8705281474,0.00161326319637796,7680.08594494535,12.322167288871,3.01640032603058,3161,0.000128432100028982,96471.2092787093,7699,23563,30494549253,3960845.46733342,61.0625,3161,0.0258587544277288,5.18783686287824,0.0258587544277288,0.0258587544277288,40.5125,294.5375,0.310105933056753,0.949087686792605,0.200963182417353
"455","アインホールディングス","9627","A","","NonSP","General",0.000332136434093823,201122.168913062,0.00326962591281773,20430.4717974395,10.165084356292,5.7777101275643,14928,0.000421359113465845,158534.603536977,18406,23453,2.3666e+11,12857763.7726828,267.431818181818,10998,0.16997438087105,3.74472348953226,0.16997438087105,0.125226302305722,340.272727272727,533.022727272727,0.398786696999242,0.508135629942585,0.162281784517722
"456","カナモト","9678","A","-","NonSP","General",0.000354419353284184,71948.6669215643,0.00325711669595984,7829.0102505785,11.5298385268408,4.57148374295017,40701,0.00105055874284608,24272.7978550896,21053,49949,98792714550,4692571.82111813,24.7851985559567,37490,0.233680112990458,3.48703677751306,0.233680112990458,0.215244525589353,74.4675090252708,90.1606498194946,0.411770458457205,0.976940228446253,0.169804853065126
"457","スクウェア・エニックス・ホールディングス","9684","A","","NonSP","General",0.000372916059952406,152044.940105922,0.00198543076187468,28558.0344017955,18.8533822952984,13.593578942358,35000,0.00028564061142238,198501.18552,60873,68908,6.94754e+11,11413171.685312,525.218390804598,30051,0.376887127689359,1.34768096592558,0.376887127689359,0.323595287834084,403.298850574713,792.045977011494,0.382348876940857,0.432817446359479,0.261703417410781
"458","SCSK","9719","A","","NonSP","General",0.000446882264074466,147242.361780183,0.0021821277176399,30154.0553598606,20.5210821865881,12.2389911645404,50219,0.000482032356456722,136505.359274378,54715,73148,6.85516e+11,12528849.4928265,98.2215189873418,37509,0.328100091467398,2.09247006069886,0.328100091467398,0.245060760486084,106.947257383966,154.320675105485,0.531373520185687,0.710388563548252,0.255831188353754
"459","セコム","9735","AA","+","NonSP","General",0.000552267798861876,149456.477763324,0.00527147143009327,15657.8672756915,11.9058861796431,6.91151439856366,181932,0.00077982649567721,105844.056924895,173468,234322,1.92564e+12,11100837.0419905,156.36286407767,134071,0.286798401525959,2.707193520028,0.286798401525959,0.21135011153061,221.791262135922,284.371359223301,0.524752625003403,0.7088401583926,0.144417183736708
"460","コナミグループ","9766","A","+","NonSP","General",0.000224905923344948,268556.732973911,0.00208740069686411,28935.5082091994,10.8038443127002,6.59991901939854,69770,0.000486202090592335,124228.178300129,49917,91321,8.6674e+11,17363623.6152012,35.8998887652948,69770,0.36824937719039,2.07470351835832,0.36824937719039,0.36824937719039,78.6084538375973,101.58064516129,0.440026092858843,0.805008771079239,0.175614132299005
"461","ベネッセホールディングス","9783","A","+","NonSP","General",6.39448243837365e-05,393151.443330792,0.00170698646113407,14727.7090781949,3.86217051980563,1.20981877626932,25843,0.000252024721145173,99752.1191007236,20878,40433,2.57789e+11,12347399.1761663,1.11324278438031,20470,0.0704276401848783,9.0753592362674,0.0704276401848783,0.0557850789221244,5.38760611205433,6.86468590831918,0.112135778929559,0.217165722265489,0.11917482932621
"462","日鉄物産","9810","A","+","J1","General",0.000770402193897449,60747.4905584572,0.00861237843492903,5434.03896537968,9.73992940605605,2.8173892570197,47255,0.00146264988640514,31996.7207702889,34851,40633,1.51201e+11,4338498.17795759,10.2050020500205,41284,0.0780822710035608,14.8941746856004,0.0780822710035608,0.0682160295441965,20.3747437474375,16.659696596966,0.288747856201894,0.336652940835315,0.130742566457335
"463","ヤマダホールディングス","9831","A","+","NonSP","General",8.01874163223005e-05,64349.2487556926,0.000695749692444901,7416.46033915946,11.9358007810094,6.18817354955576,122281,0.000126500038126601,40790.5015398958,93580,129080,4.9879e+11,5330091.89997863,56.9948529411765,99516,0.210809683236388,4.49375581035017,0.210809683236388,0.171563337206536,90.9125,94.9117647058823,0.179603712603352,0.247737200500541,0.142034178966405
"464","JKホールディングス","9896","BBB","","J2","General",0.000161212230546618,50058.2367270602,0.00141884350811884,5687.73085532141,11.7371321427755,2.48826882804623,8846,0.000277826493554526,29046.9058467104,7332,10038,25694892912,3504486.21276596,13.0279187817259,6054,0.0549059039674264,16.0502092050209,0.0549059039674264,0.0375763444063757,23.4517766497462,25.4771573604061,0.196378830083565,0.26885579601457,0.168059137012206
"465","バローホールディングス","9956","A","-","J1","General",0.000454623763919866,51009.2121011245,0.0028745543482205,8067.33746897352,17.1802158726603,6.0683680382141,44138,0.000817559635425972,28364.9032989714,32467,53544,1.25197e+11,3856130.84054579,28.7400468384075,17157,0.177071172678293,4.65536754818467,0.177071172678293,0.068829808999988,52.6838407494145,62.6978922716628,0.154154776770665,0.254229321077047,0.219493974681833
"466","ソフトバンクグループ","9984","BB","+","SP","General",0.00294740126306236,23196.7058088872,0.00693900990597118,9852.99068980518,49.7228018975251,11.0998594921016,557250,0.000323427141598283,211392.277290444,5709946,6561262,1.17798e+13,2063031.76947733,16.5280260374288,557250,0.0164891939188385,5.15066461299671,0.0164891939188385,0.0164891939188385,2.81366965012205,21.3547990235964,1.98611722237314,2.28223444822463,0.59083147123084
"467","ソフトバンクグループ","9984","A","-","J1","General",0.00294740126306236,23196.7058088872,0.00693900990597118,9852.99068980518,49.7228018975251,11.0998594921016,557250,0.000323427141598283,211392.277290444,5709946,6561262,1.17798e+13,2063031.76947733,16.5280260374288,557250,0.0164891939188385,5.15066461299671,0.0164891939188385,0.0164891939188385,2.81366965012205,21.3547990235964,1.98611722237314,2.28223444822463,0.59083147123084
"468","サンドラッグ","9989","A","+","NonSP","General",0.000311636897862339,113914.623857158,0.00171921532262682,20648.9550975843,18.1333229309395,12.053363065913,31761,0.000266158425110405,133379.208211328,48849,57741,4.23626e+11,8672152.96116604,6198,15944,0.30725251763067,1.79025302644568,0.30725251763067,0.154240551024949,5294.5,9623.5,0.308098391674551,0.364181646168401,0.249243579996837
"469","ベルーナ","9997","BBB","+","NonSP","General",0.000182457672246912,50861.1114332413,0.00116439523678014,7969.80244067437,15.754750488368,7.38642276998139,20772,0.000213605972378564,43444.4781513576,21308,24818,90242870016,4235163.78899944,88.273631840796,12945,0.163584816506536,5.11644773954388,0.163584816506536,0.101945188218617,104.34328358209,123.47263681592,0.175293691796374,0.204169271775972,0.197519420085652
